[
	{
		"pk": 1,
		"model": "deviceapp.industry",
		"fields": {
			"name": "veterinary",
			"displayname" : "Veterinary" 
		}
	},
	{"pk": 1,"model": "deviceapp.devicecategory","fields": {"name": "anesthesia","displayname":"Anesthesia","industries" : [1],"totalunits":10}},
	{"pk": 2,"model": "deviceapp.devicecategory","fields": {"name": "monitors","displayname":"Monitors","industries" : [1],"totalunits":15}},
	{"pk": 3,"model": "deviceapp.devicecategory","fields": {"name": "tables","displayname":"Surgical Tables","industries" : [1],"totalunits":8}},
	{"pk": 4,"model": "deviceapp.devicecategory","fields": {"name": "sterilizers","displayname":"Sterilizers","industries" : [1],"totalunits":4}},
	{"pk": 5,"model": "deviceapp.devicecategory","fields": {"name": "centrifuges","displayname":"Centrifuges","industries" : [1],"totalunits":6}},
	{"pk": 6,"model": "deviceapp.devicecategory","fields": {"name": "defibrillators","displayname":"Defibrillators","industries" : [1],"totalunits":2}},
	{"pk": 7,"model": "deviceapp.devicecategory","fields": {"name": "ultrasound","displayname":"Ultrasound","industries" : [1],"totalunits":5}},
	{"pk": 8,"model": "deviceapp.devicecategory","fields": {"name": "dental","displayname":"Dental","industries" : [1],"totalunits":0}},
	{"pk": 9,"model": "deviceapp.devicecategory","fields": {"name": "Electrosurgical","displayname":"Anesthesia","industries" : [1],"totalunits":0}},
	{"pk": 10,"model": "deviceapp.devicecategory","fields": {"name": "xray","displayname":"X-Ray Machines","industries" : [1],"totalunits":0}},
	
	{"pk": 1,"model": "deviceapp.manufacturer","fields": {"name": "3M","displayname":"3M"}},
	{"pk": 2,"model": "deviceapp.manufacturer","fields": {"name": "Fuji","displayname":"Fuji"}},
	{"pk": 3,"model": "deviceapp.manufacturer","fields": {"name": "Sonosite","displayname":"Sonosite Systems"}},

	{
		"pk": 1,
		"model": "deviceapp.product",
		"fields": {
			"name": "Fazone CB Ultrasound",
			"devicecategory" : 7,
			"industries" : [1],
			"description" : "The New Fazone CB Ultrasound with Zone Sonography Technology. Anytime, anywhere 'CB' usability is stress free and easy, regardless of place or occasion. This elegant, ultra high quality ultrasound easily moves from the exam room to your vehicle bringing all aspects of FujiFilms' attention to detail along with it. Features include a full screen, 12-inch LCD monitor, instant one touch image optimization, intuitive operation with keys grouped by functionality, fast boot-up time, easy on and off cart capability, and stylish compact design",
			"manufacturer": 1
		}
	},
	{
		"pk": 2,
		"model": "deviceapp.product",
		"fields": {
			"name": "Ultra High Powered Ultrasound",
			"devicecategory" : 7,
			"industries" : [1],
			"description" : "The New Fazone CB Ultrasound with Zone Sonography Technology. Anytime, anywhere 'CB' usability is stress free and easy, regardless of place or occasion. This elegant, ultra high quality ultrasound easily moves from the exam room to your vehicle bringing all aspects of FujiFilms' attention to detail along with it. Features include a full screen, 12-inch LCD monitor, instant one touch image optimization, intuitive operation with keys grouped by functionality, fast boot-up time, easy on and off cart capability, and stylish compact design",
			"manufacturer": 1
		}
	},
	{
		"pk": 3,
		"model": "deviceapp.product",
		"fields": {
			"name": "Speedlight XT4500 Ultrasound",
			"devicecategory" : 7,
			"industries" : [1],
			"description" : "The New Fazone CB Ultrasound with Zone Sonography Technology. Anytime, anywhere 'CB' usability is stress free and easy, regardless of place or occasion. This elegant, ultra high quality ultrasound easily moves from the exam room to your vehicle bringing all aspects of FujiFilms' attention to detail along with it. Features include a full screen, 12-inch LCD monitor, instant one touch image optimization, intuitive operation with keys grouped by functionality, fast boot-up time, easy on and off cart capability, and stylish compact design",
			"manufacturer": 1
		}
	},
	{
		"pk": 4,
		"model": "deviceapp.product",
		"fields": {
			"name": "Geurilla Glue UltraPoweres Sound Plus",
			"devicecategory" : 7,
			"industries" : [1],
			"description" : "The New Fazone CB Ultrasound with Zone Sonography Technology. Anytime, anywhere 'CB' usability is stress free and easy, regardless of place or occasion. This elegant, ultra high quality ultrasound easily moves from the exam room to your vehicle bringing all aspects of FujiFilms' attention to detail along with it. Features include a full screen, 12-inch LCD monitor, instant one touch image optimization, intuitive operation with keys grouped by functionality, fast boot-up time, easy on and off cart capability, and stylish compact design",
			"manufacturer": 1
		}
	},
	{
		"pk": 5,
		"model": "deviceapp.product",
		"fields": {
			"name": "Ultra Ultra SoundXTreme",
			"devicecategory" : 7,
			"industries" : [1],
			"description" : "The New Fazone CB Ultrasound with Zone Sonography Technology. Anytime, anywhere 'CB' usability is stress free and easy, regardless of place or occasion. This elegant, ultra high quality ultrasound easily moves from the exam room to your vehicle bringing all aspects of FujiFilms' attention to detail along with it. Features include a full screen, 12-inch LCD monitor, instant one touch image optimization, intuitive operation with keys grouped by functionality, fast boot-up time, easy on and off cart capability, and stylish compact design",
			"manufacturer": 1
		}
	},
	{
		"pk": 6,
		"model": "deviceapp.product",
		"fields": {
			"name": "Oldie but goodie ultrasound",
			"devicecategory" : 7,
			"industries" : [1],
			"description" : "The New Fazone CB Ultrasound with Zone Sonography Technology. Anytime, anywhere 'CB' usability is stress free and easy, regardless of place or occasion. This elegant, ultra high quality ultrasound easily moves from the exam room to your vehicle bringing all aspects of FujiFilms' attention to detail along with it. Features include a full screen, 12-inch LCD monitor, instant one touch image optimization, intuitive operation with keys grouped by functionality, fast boot-up time, easy on and off cart capability, and stylish compact design",
			"manufacturer": 1
		}
	},
	{
    "pk": 1, 
    "model": "auth.user", 
    "fields": {
        "username": "a", 
        "first_name": "", 
        "last_name": "", 
        "is_active": true, 
        "is_superuser": true, 
        "is_staff": true, 
        "last_login": "2013-10-28T04:37:02.515Z", 
        "groups": [], 
        "user_permissions": [], 
        "password": "pbkdf2_sha256$10000$xSO9oRFz88LQ$XGNybzF63vtLfbJllBzLt6hfO0tTY2W3BXaln8ncgBM=", 
        "email": "a@a.com", 
        "date_joined": "2013-10-28T04:36:12.295Z"
    }
},
{
    "pk": 2, 
    "model": "auth.user", 
    "fields": {
        "username": "brooke@aim.com", 
        "first_name": "", 
        "last_name": "", 
        "is_active": true, 
        "is_superuser": false, 
        "is_staff": false, 
        "last_login": "2013-10-28T04:37:27.969Z", 
        "groups": [], 
        "user_permissions": [], 
        "password": "pbkdf2_sha256$10000$baG2jbKu2fmr$GQMak8dwaoerfKjoVBxom27VVhAlm5IAOlcE5wW1fQw=", 
        "email": "brooke@aim.com", 
        "date_joined": "2013-10-28T04:37:27.969Z"
    }
},
{
	"pk": 1,
	"model": "deviceapp.basicuser",
	"fields": {
		"user":2,
		"businesstype": "individual",
		"name": "Brooke Johnson",
		"company" : "Colts Neck Equine",
		"email":"brooke@aim.com",
		"address":"1 main street",
		"zipcode": "07722" ,
		"city":"Colts Neck",
		"state":"NJ",
		"website":"www.test.com",
		"phonenumber":"732-547-4516"
	}
},
{
    "pk": 3, 
    "model": "auth.user", 
    "fields": {
        "username": "mike@aim.com", 
        "first_name": "", 
        "last_name": "", 
        "is_active": true, 
        "is_superuser": false, 
        "is_staff": false, 
        "last_login": "2013-10-28T04:37:27.969Z", 
        "groups": [], 
        "user_permissions": [], 
        "password": "pbkdf2_sha256$10000$baG2jbKu2fmr$GQMak8dwaoerfKjoVBxom27VVhAlm5IAOlcE5wW1fQw=", 
        "email": "brooke@aim.com", 
        "date_joined": "2013-10-28T04:37:27.969Z"
    }
},
{
	"pk": 2,
	"model": "deviceapp.basicuser",
	"fields": {
		"user":3,
		"businesstype": "individual",
		"name": "Mike Rogers",
		"company" : "Colts Neck Equine",
		"email":"mike@aim.com",
		"address":"1 main street",
		"zipcode": "02215" ,
		"city":"Boston",
		"state":"MA",
		"website":"www.test.com",
		"phonenumber":"732-547-4516"
	}
},
{
    "pk": 4, 
    "model": "auth.user", 
    "fields": {
        "username": "bob@aim.com", 
        "first_name": "", 
        "last_name": "", 
        "is_active": true, 
        "is_superuser": false, 
        "is_staff": false, 
        "last_login": "2013-10-28T04:37:27.969Z", 
        "groups": [], 
        "user_permissions": [], 
        "password": "pbkdf2_sha256$10000$baG2jbKu2fmr$GQMak8dwaoerfKjoVBxom27VVhAlm5IAOlcE5wW1fQw=", 
        "email": "brooke@aim.com", 
        "date_joined": "2013-10-28T04:37:27.969Z"
    }
},
{
	"pk": 3,
	"model": "deviceapp.basicuser",
	"fields": {
		"user":4,
		"businesstype": "individual",
		"name": "Bob Rogers",
		"company" : "Colts Neck Equine",
		"email":"bob@aim.com",
		"address":"1 main street",
		"zipcode": "12345" ,
		"city":"Schenectedy",
		"state":"NY",
		"website":"www.test.com",
		"phonenumber":"732-547-4516"
	}
},
{
    "pk": 1, 
    "model": "deviceapp.image", 
    "fields": {
        "photo": "img/saddog.jpg",
        "photo_small": "img/saddog.jpg",
        "photo_medium": "img/saddog.jpg"
    }
},
{
    "pk": 1, 
    "model": "deviceapp.itemimage", 
    "fields": {
        "item": 1
    }
},
{
    "pk": 2, 
    "model": "deviceapp.image", 
    "fields": {
        "photo": "img/blueshield.png",
        "photo_small": "img/blueshield.png",
        "photo_medium": "img/blueshield.png"
    }
},
{
    "pk": 2, 
    "model": "deviceapp.productimage", 
    "fields": {
        "product":1,
        "item":[1,2,3]
    }
},
{
    "pk": 1, 
    "model": "deviceapp.item", 
    "fields": {
    	"user": 2, 
    	"name": "XT450 Power UltraSound Machine", 
    	"devicecategory": 7,
    	"manufacturer" : 2,
    	"serialno":"542523519864",
    	"year":2001,
    	"type": "preowned", 
    	"dateacquired":"2009-5-01",
    	"contract": "contractoptional",
    	"condition": 2,
    	"conditiondescription":"This product was mainly used in mobile veterinary trucks and carried from farm to farm. There are a couple scratches on the machine but otherwise it is in great working order",
    	"productdescription": "The New Fazone CB Ultrasound with Zone Sonography Technology. Anytime, anywhere 'CB' usability is stress free and easy, regardless of place or occasion. This elegant, ultra high quality ultrasound easily moves from the exam room to your vehicle bringing all aspects of FujiFilms' attention to detail along with it. Features include a full screen, 12-inch LCD monitor, instant one touch image optimization, intuitive operation with keys grouped by functionality, fast boot-up time, easy on and off cart capability, and stylish compact design",
        "shippingincluded" : true,
        "price": 3430,
        "mainimage": 1,
        "liststatus": "active",
        "savedcount" : 0,
        "verified" : false,
        "listeddate" : "2013-11-01"
    }
},
{
    "pk": 2, 
    "model": "deviceapp.item", 
    "fields": {
    	"user": 3, 
    	"name": "XT450 Power UltraSound Machine 2", 
    	"devicecategory": 7,
    	"manufacturer" : 2,
    	"serialno":"542523519864",
    	"year":2001,
    	"type": "preowned", 
    	"dateacquired":"2009-5-01",
    	"contract": "contractoptional",
    	"condition": 2,
    	"conditiondescription":"This product was mainly used in mobile veterinary trucks and carried from farm to farm. There are a couple scratches on the machine but otherwise it is in great working order",
    	"productdescription": "The New Fazone CB Ultrasound with Zone Sonography Technology. Anytime, anywhere 'CB' usability is stress free and easy, regardless of place or occasion. This elegant, ultra high quality ultrasound easily moves from the exam room to your vehicle bringing all aspects of FujiFilms' attention to detail along with it. Features include a full screen, 12-inch LCD monitor, instant one touch image optimization, intuitive operation with keys grouped by functionality, fast boot-up time, easy on and off cart capability, and stylish compact design",
        "shippingincluded" : true,
        "price": 4430,
        "mainimage": 1,
        "liststatus": "active",
        "savedcount" : 0,
        "verified" : false,
        "listeddate" : "2013-11-01"
    }
},
{
    "pk": 3, 
    "model": "deviceapp.item", 
    "fields": {
    	"user": 1, 
    	"name": "XT450 Power UltraSound Machine 3", 
    	"devicecategory": 7,
    	"manufacturer" : 2,
    	"serialno":"542523519864",
    	"year":2001,
    	"type": "preowned", 
    	"dateacquired":"2009-5-01",
    	"contract": "contractoptional",
    	"condition": 2,
    	"conditiondescription":"This product was mainly used in mobile veterinary trucks and carried from farm to farm. There are a couple scratches on the machine but otherwise it is in great working order",
    	"productdescription": "The New Fazone CB Ultrasound with Zone Sonography Technology. Anytime, anywhere 'CB' usability is stress free and easy, regardless of place or occasion. This elegant, ultra high quality ultrasound easily moves from the exam room to your vehicle bringing all aspects of FujiFilms' attention to detail along with it. Features include a full screen, 12-inch LCD monitor, instant one touch image optimization, intuitive operation with keys grouped by functionality, fast boot-up time, easy on and off cart capability, and stylish compact design",
        "shippingincluded" : true,
        "price": 4830,
        "mainimage": 1,
        "liststatus": "active",
        "savedcount" : 0,
        "verified" : false,
        "listeddate" : "2013-11-01"
    }
},
{
    "pk": 4, 
    "model": "deviceapp.item", 
    "fields": {
    	"user": 2, 
    	"name": "XT450 Power UltraSound Machine 4", 
    	"devicecategory": 7,
    	"manufacturer" : 2,
    	"serialno":"542523519864",
    	"year":2001,
    	"type": "preowned", 
    	"dateacquired":"2009-5-01",
    	"contract": "contractoptional",
    	"condition": 2,
    	"conditiondescription":"This product was mainly used in mobile veterinary trucks and carried from farm to farm. There are a couple scratches on the machine but otherwise it is in great working order",
    	"productdescription": "The New Fazone CB Ultrasound with Zone Sonography Technology. Anytime, anywhere 'CB' usability is stress free and easy, regardless of place or occasion. This elegant, ultra high quality ultrasound easily moves from the exam room to your vehicle bringing all aspects of FujiFilms' attention to detail along with it. Features include a full screen, 12-inch LCD monitor, instant one touch image optimization, intuitive operation with keys grouped by functionality, fast boot-up time, easy on and off cart capability, and stylish compact design",
        "shippingincluded" : true,
        "price": 5430,
        "mainimage": 1,
        "liststatus": "active",
        "savedcount" : 0,
        "verified" : false,
        "listeddate" : "2013-11-01"
    }
},
{
    "pk": 5, 
    "model": "deviceapp.item", 
    "fields": {
    	"user": 3, 
    	"name": "XT450 Power UltraSound Machine 5", 
    	"devicecategory": 7,
    	"manufacturer" : 2,
    	"serialno":"542523519864",
    	"year":2001,
    	"type": "preowned", 
    	"dateacquired":"2009-5-09",
    	"contract": "contractoptional",
    	"condition": 2,
    	"conditiondescription":"This product was mainly used in mobile veterinary trucks and carried from farm to farm. There are a couple scratches on the machine but otherwise it is in great working order",
    	"productdescription": "The New Fazone CB Ultrasound with Zone Sonography Technology. Anytime, anywhere 'CB' usability is stress free and easy, regardless of place or occasion. This elegant, ultra high quality ultrasound easily moves from the exam room to your vehicle bringing all aspects of FujiFilms' attention to detail along with it. Features include a full screen, 12-inch LCD monitor, instant one touch image optimization, intuitive operation with keys grouped by functionality, fast boot-up time, easy on and off cart capability, and stylish compact design",
        "shippingincluded" : true,
        "price": 190,
        "mainimage": 1,
        "liststatus": "active",
        "savedcount" : 0,
        "verified" : false,
        "listeddate" : "2013-11-01"
    }
},
{
    "pk": 6, 
    "model": "deviceapp.item", 
    "fields": {
    	"user": 2, 
    	"name": "XT450 Power UltraSound Machine 6", 
    	"devicecategory": 7,
    	"manufacturer" : 2,
    	"serialno":"542523519864",
    	"year":2001,
    	"type": "preowned", 
    	"dateacquired":"2009-5-01",
    	"contract": "contractoptional",
    	"condition": 2,
    	"conditiondescription":"This product was mainly used in mobile veterinary trucks and carried from farm to farm. There are a couple scratches on the machine but otherwise it is in great working order",
    	"productdescription": "The New Fazone CB Ultrasound with Zone Sonography Technology. Anytime, anywhere 'CB' usability is stress free and easy, regardless of place or occasion. This elegant, ultra high quality ultrasound easily moves from the exam room to your vehicle bringing all aspects of FujiFilms' attention to detail along with it. Features include a full screen, 12-inch LCD monitor, instant one touch image optimization, intuitive operation with keys grouped by functionality, fast boot-up time, easy on and off cart capability, and stylish compact design",
        "shippingincluded" : true,
        "price": 430,
        "mainimage": 1,
        "savedcount" : 0,
        "verified" : false,
        "listeddate" : "2013-11-01"
    }
},
{
    "pk": 7, 
    "model": "deviceapp.item", 
    "fields": {
    	"user": 1, 
    	"name": "XT450 Power UltraSound Machine 7", 
    	"devicecategory": 7,
    	"manufacturer" : 2,
    	"serialno":"542523519864",
    	"year":2001,
    	"type": "preowned", 
    	"dateacquired":"2009-5-01",
    	"contract": "contractoptional",
    	"condition": 2,
    	"conditiondescription":"This product was mainly used in mobile veterinary trucks and carried from farm to farm. There are a couple scratches on the machine but otherwise it is in great working order",
    	"productdescription": "The New Fazone CB Ultrasound with Zone Sonography Technology. Anytime, anywhere 'CB' usability is stress free and easy, regardless of place or occasion. This elegant, ultra high quality ultrasound easily moves from the exam room to your vehicle bringing all aspects of FujiFilms' attention to detail along with it. Features include a full screen, 12-inch LCD monitor, instant one touch image optimization, intuitive operation with keys grouped by functionality, fast boot-up time, easy on and off cart capability, and stylish compact design",
        "shippingincluded" : true,
        "price":7430,
        "mainimage": 1,
        "liststatus": "active",
        "savedcount" : 0,
        "verified" : false,
        "listeddate" : "2010-11-01"
    }
},
{
    "pk": 8, 
    "model": "deviceapp.item", 
    "fields": {
    	"user": 3, 
    	"name": "XT450 Power UltraSound Machine 8", 
    	"devicecategory": 7,
    	"manufacturer" : 2,
    	"serialno":"542523519864",
    	"year":2001,
    	"type": "preowned", 
    	"dateacquired":"2009-5-01",
    	"contract": "contractoptional",
    	"condition": 2,
    	"conditiondescription":"This product was mainly used in mobile veterinary trucks and carried from farm to farm. There are a couple scratches on the machine but otherwise it is in great working order",
    	"productdescription": "The New Fazone CB Ultrasound with Zone Sonography Technology. Anytime, anywhere 'CB' usability is stress free and easy, regardless of place or occasion. This elegant, ultra high quality ultrasound easily moves from the exam room to your vehicle bringing all aspects of FujiFilms' attention to detail along with it. Features include a full screen, 12-inch LCD monitor, instant one touch image optimization, intuitive operation with keys grouped by functionality, fast boot-up time, easy on and off cart capability, and stylish compact design",
        "shippingincluded" : true,
        "price": 8430,
        "mainimage": 1,
        "liststatus": "active",
        "savedcount" : 0,
        "verified" : false,
        "listeddate" : "2011-11-01"
    }
},
{
    "pk": 9, 
    "model": "deviceapp.item", 
    "fields": {
    	"user": 3, 
    	"name": "XT450 Power UltraSound Machine 9", 
    	"devicecategory": 7,
    	"manufacturer" : 2,
    	"serialno":"542523519864",
    	"year":2001,
    	"type": "preowned", 
    	"dateacquired":"2009-5-01",
    	"contract": "contractoptional",
    	"condition": 2,
    	"conditiondescription":"This product was mainly used in mobile veterinary trucks and carried from farm to farm. There are a couple scratches on the machine but otherwise it is in great working order",
    	"productdescription": "The New Fazone CB Ultrasound with Zone Sonography Technology. Anytime, anywhere 'CB' usability is stress free and easy, regardless of place or occasion. This elegant, ultra high quality ultrasound easily moves from the exam room to your vehicle bringing all aspects of FujiFilms' attention to detail along with it. Features include a full screen, 12-inch LCD monitor, instant one touch image optimization, intuitive operation with keys grouped by functionality, fast boot-up time, easy on and off cart capability, and stylish compact design",
        "shippingincluded" : true,
        "price": 9430,
        "mainimage": 1,
        "liststatus": "active",
        "savedcount" : 0,
        "verified" : false,
        "listeddate" : "2012-11-01"
    }
},
{
    "pk": 10, 
    "model": "deviceapp.item", 
    "fields": {
    	"user": 2, 
    	"name": "XT450 Power UltraSound Machine 10", 
    	"devicecategory": 7,
    	"manufacturer" : 2,
    	"serialno":"542523519864",
    	"year":2001,
    	"type": "preowned", 
    	"dateacquired":"2009-5-01",
    	"contract": "contractoptional",
    	"condition": 2,
    	"conditiondescription":"This product was mainly used in mobile veterinary trucks and carried from farm to farm. There are a couple scratches on the machine but otherwise it is in great working order",
    	"productdescription": "The New Fazone CB Ultrasound with Zone Sonography Technology. Anytime, anywhere 'CB' usability is stress free and easy, regardless of place or occasion. This elegant, ultra high quality ultrasound easily moves from the exam room to your vehicle bringing all aspects of FujiFilms' attention to detail along with it. Features include a full screen, 12-inch LCD monitor, instant one touch image optimization, intuitive operation with keys grouped by functionality, fast boot-up time, easy on and off cart capability, and stylish compact design",
        "shippingincluded" : true,
        "price": 10430,
        "mainimage": 1,
        "liststatus": "active",
        "savedcount" : 0,
        "verified" : false,
        "listeddate" : "2013-11-03"
    }
},
{
    "pk": 11, 
    "model": "deviceapp.item", 
    "fields": {
    	"user": 2, 
    	"name": "XT450 Power UltraSound Machine 11", 
    	"devicecategory": 7,
    	"manufacturer" : 2,
    	"serialno":"542523519864",
    	"year":2001,
    	"type": "preowned", 
    	"dateacquired":"2009-5-01",
    	"contract": "contractoptional",
    	"condition": 2,
    	"conditiondescription":"This product was mainly used in mobile veterinary trucks and carried from farm to farm. There are a couple scratches on the machine but otherwise it is in great working order",
    	"productdescription": "The New Fazone CB Ultrasound with Zone Sonography Technology. Anytime, anywhere 'CB' usability is stress free and easy, regardless of place or occasion. This elegant, ultra high quality ultrasound easily moves from the exam room to your vehicle bringing all aspects of FujiFilms' attention to detail along with it. Features include a full screen, 12-inch LCD monitor, instant one touch image optimization, intuitive operation with keys grouped by functionality, fast boot-up time, easy on and off cart capability, and stylish compact design",
        "shippingincluded" : true,
        "price": 11430,
        "mainimage": 1,
        "liststatus": "active",
        "savedcount" : 0,
        "verified" : false,
        "listeddate" : "2013-11-02"
    }
},
{
    "pk": 12, 
    "model": "deviceapp.item", 
    "fields": {
    	"user": 1, 
    	"name": "XT450 Power UltraSound Machine 12", 
    	"devicecategory": 7,
    	"manufacturer" : 2,
    	"serialno":"542523519864",
    	"year":2001,
    	"type": "preowned", 
    	"dateacquired":"2009-5-01",
    	"contract": "contractoptional",
    	"condition": 2,
    	"conditiondescription":"This product was mainly used in mobile veterinary trucks and carried from farm to farm. There are a couple scratches on the machine but otherwise it is in great working order",
    	"productdescription": "The New Fazone CB Ultrasound with Zone Sonography Technology. Anytime, anywhere 'CB' usability is stress free and easy, regardless of place or occasion. This elegant, ultra high quality ultrasound easily moves from the exam room to your vehicle bringing all aspects of FujiFilms' attention to detail along with it. Features include a full screen, 12-inch LCD monitor, instant one touch image optimization, intuitive operation with keys grouped by functionality, fast boot-up time, easy on and off cart capability, and stylish compact design",
        "shippingincluded" : true,
        "price": 12430,
        "mainimage": 1,
        "liststatus": "active",
        "savedcount" : 0,
        "verified" : false,
        "listeddate" : "2013-11-06"
    }
},
{
    "pk": 13, 
    "model": "deviceapp.item", 
    "fields": {
    	"user": 1, 
    	"name": "XT450 Power UltraSound Machine 13", 
    	"devicecategory": 7,
    	"manufacturer" : 2,
    	"serialno":"542523519864",
    	"year":2001,
    	"type": "preowned", 
    	"dateacquired":"2009-5-01",
    	"contract": "contractoptional",
    	"condition": 2,
    	"conditiondescription":"This product was mainly used in mobile veterinary trucks and carried from farm to farm. There are a couple scratches on the machine but otherwise it is in great working order",
    	"productdescription": "The New Fazone CB Ultrasound with Zone Sonography Technology. Anytime, anywhere 'CB' usability is stress free and easy, regardless of place or occasion. This elegant, ultra high quality ultrasound easily moves from the exam room to your vehicle bringing all aspects of FujiFilms' attention to detail along with it. Features include a full screen, 12-inch LCD monitor, instant one touch image optimization, intuitive operation with keys grouped by functionality, fast boot-up time, easy on and off cart capability, and stylish compact design",
        "shippingincluded" : true,
        "price": 13430,
        "mainimage": 1,
        "liststatus": "active",
        "savedcount" : 0,
        "verified" : false,
        "listeddate" : "2013-11-04"
    }
},
{
    "pk": 14, 
    "model": "deviceapp.item", 
    "fields": {
    	"user": 3, 
    	"name": "XT450 Power UltraSound Machine 14", 
    	"devicecategory": 7,
    	"manufacturer" : 2,
    	"serialno":"542523519864",
    	"year":2001,
    	"type": "preowned", 
    	"dateacquired":"2009-5-01",
    	"contract": "contractoptional",
    	"condition": 2,
    	"conditiondescription":"This product was mainly used in mobile veterinary trucks and carried from farm to farm. There are a couple scratches on the machine but otherwise it is in great working order",
    	"productdescription": "The New Fazone CB Ultrasound with Zone Sonography Technology. Anytime, anywhere 'CB' usability is stress free and easy, regardless of place or occasion. This elegant, ultra high quality ultrasound easily moves from the exam room to your vehicle bringing all aspects of FujiFilms' attention to detail along with it. Features include a full screen, 12-inch LCD monitor, instant one touch image optimization, intuitive operation with keys grouped by functionality, fast boot-up time, easy on and off cart capability, and stylish compact design",
        "shippingincluded" : true,
        "price": 14430,
        "mainimage": 1,
        "liststatus": "active",
        "savedcount" : 0,
        "verified" : false,
        "listeddate" : "2013-11-03"
    }
}
]
