[
{"pk": 1, "model": "deviceapp.manufacturer", "fields": {"displayname": "3M", "name": "3m"}},{"pk": 2, "model": "deviceapp.manufacturer", "fields": {"displayname": "Abaxis", "name": "abaxis"}},{"pk": 3, "model": "deviceapp.manufacturer", "fields": {"displayname": "Accutome", "name": "accutome"}},{"pk": 4, "model": "deviceapp.manufacturer", "fields": {"displayname": "Advanced Monitors", "name": "advancedmonitors"}},{"pk": 5, "model": "deviceapp.manufacturer", "fields": {"displayname": "AGFA", "name": "agfa"}},{"pk": 6, "model": "deviceapp.manufacturer", "fields": {"displayname": "Agri-Pro", "name": "agripro"}},{"pk": 7, "model": "deviceapp.manufacturer", "fields": {"displayname": "AirSep", "name": "airsep"}},{"pk": 8, "model": "deviceapp.manufacturer", "fields": {"displayname": "Alivecor", "name": "alivecor"}},{"pk": 9, "model": "deviceapp.manufacturer", "fields": {"displayname": "Anderson", "name": "anderson"}},{"pk": 10, "model": "deviceapp.manufacturer", "fields": {"displayname": "Andis", "name": "andis"}},{"pk": 11, "model": "deviceapp.manufacturer", "fields": {"displayname": "Bar-Ray", "name": "barray"}},{"pk": 12, "model": "deviceapp.manufacturer", "fields": {"displayname": "BDP", "name": "bdp"}},{"pk": 13, "model": "deviceapp.manufacturer", "fields": {"displayname": "Bergen", "name": "bergen"}},{"pk": 14, "model": "deviceapp.manufacturer", "fields": {"displayname": "Bickford", "name": "bickford"}},{"pk": 15, "model": "deviceapp.manufacturer", "fields": {"displayname": "Bovie", "name": "bovie"}},{"pk": 16, "model": "deviceapp.manufacturer", "fields": {"displayname": "Burton", "name": "burton"}},{"pk": 17, "model": "deviceapp.manufacturer", "fields": {"displayname": "Capps", "name": "capps"}},{"pk": 18, "model": "deviceapp.manufacturer", "fields": {"displayname": "Clinton Ind", "name": "clintonind"}},{"pk": 19, "model": "deviceapp.manufacturer", "fields": {"displayname": "Clipper Distributing Co", "name": "clipperdistributingco"}},{"pk": 20, "model": "deviceapp.manufacturer", "fields": {"displayname": "Covidien", "name": "covidien"}},{"pk": 21, "model": "deviceapp.manufacturer", "fields": {"displayname": "Cubex", "name": "cubex"}},{"pk": 22, "model": "deviceapp.manufacturer", "fields": {"displayname": "Delmarva", "name": "delmarva"}},{"pk": 23, "model": "deviceapp.manufacturer", "fields": {"displayname": "Dentalaire", "name": "dentalaire"}},{"pk": 24, "model": "deviceapp.manufacturer", "fields": {"displayname": "Digicare", "name": "digicare"}},{"pk": 25, "model": "deviceapp.manufacturer", "fields": {"displayname": "Double K", "name": "doublek"}},{"pk": 26, "model": "deviceapp.manufacturer", "fields": {"displayname": "Dynax", "name": "dynax"}},{"pk": 27, "model": "deviceapp.manufacturer", "fields": {"displayname": "Edemco", "name": "edemco"}},{"pk": 28, "model": "deviceapp.manufacturer", "fields": {"displayname": "E-Jay International", "name": "ejayinternational"}},{"pk": 29, "model": "deviceapp.manufacturer", "fields": {"displayname": "Ellman", "name": "ellman"}},{"pk": 30, "model": "deviceapp.manufacturer", "fields": {"displayname": "EMS Products", "name": "emsproducts"}},{"pk": 31, "model": "deviceapp.manufacturer", "fields": {"displayname": "Engler", "name": "engler"}},{"pk": 32, "model": "deviceapp.manufacturer", "fields": {"displayname": "Fisher", "name": "fisher"}},{"pk": 33, "model": "deviceapp.manufacturer", "fields": {"displayname": "Four Flags over Aspen", "name": "fourflagsoveraspen"}},{"pk": 34, "model": "deviceapp.manufacturer", "fields": {"displayname": "Game Ready", "name": "gameready"}},{"pk": 35, "model": "deviceapp.manufacturer", "fields": {"displayname": "Gaymar", "name": "gaymar"}},{"pk": 36, "model": "deviceapp.manufacturer", "fields": {"displayname": "H and O Equipment", "name": "handoequipment"}},{"pk": 37, "model": "deviceapp.manufacturer", "fields": {"displayname": "H20 for Fitness", "name": "h20forfitness"}},{"pk": 38, "model": "deviceapp.manufacturer", "fields": {"displayname": "Health-O-Meter", "name": "healthometer"}},{"pk": 39, "model": "deviceapp.manufacturer", "fields": {"displayname": "Heska", "name": "heska"}},{"pk": 40, "model": "deviceapp.manufacturer", "fields": {"displayname": "Hug-U-Vac", "name": "huguvac"}},{"pk": 41, "model": "deviceapp.manufacturer", "fields": {"displayname": "IDEXX", "name": "idexx"}},{"pk": 42, "model": "deviceapp.manufacturer", "fields": {"displayname": "ImageWorks", "name": "imageworks"}},{"pk": 43, "model": "deviceapp.manufacturer", "fields": {"displayname": "Integra Miltex", "name": "integramiltex"}},{"pk": 44, "model": "deviceapp.manufacturer", "fields": {"displayname": "Integrated Rental Services", "name": "integratedrentalservices"}},{"pk": 45, "model": "deviceapp.manufacturer", "fields": {"displayname": "Jorgensen", "name": "jorgensen"}},{"pk": 46, "model": "deviceapp.manufacturer", "fields": {"displayname": "K Laser", "name": "klaser"}},{"pk": 47, "model": "deviceapp.manufacturer", "fields": {"displayname": "Kacey Inc", "name": "kaceyinc"}},{"pk": 48, "model": "deviceapp.manufacturer", "fields": {"displayname": "KVP", "name": "kvp"}},{"pk": 49, "model": "deviceapp.manufacturer", "fields": {"displayname": "Laube", "name": "laube"}},{"pk": 50, "model": "deviceapp.manufacturer", "fields": {"displayname": "Lyon", "name": "lyon"}},{"pk": 51, "model": "deviceapp.manufacturer", "fields": {"displayname": "MAI", "name": "mai"}},{"pk": 52, "model": "deviceapp.manufacturer", "fields": {"displayname": "Masimo", "name": "masimo"}},{"pk": 53, "model": "deviceapp.manufacturer", "fields": {"displayname": "Matrx", "name": "matrx"}},{"pk": 54, "model": "deviceapp.manufacturer", "fields": {"displayname": "Med Illum", "name": "medillum"}},{"pk": 55, "model": "deviceapp.manufacturer", "fields": {"displayname": "Medicatech USA", "name": "medicatechusa"}},{"pk": 56, "model": "deviceapp.manufacturer", "fields": {"displayname": "Medline", "name": "medline"}},{"pk": 57, "model": "deviceapp.manufacturer", "fields": {"displayname": "Midmark", "name": "midmark"}},{"pk": 58, "model": "deviceapp.manufacturer", "fields": {"displayname": "Midmark/DB7", "name": "midmarkdb7"}},{"pk": 59, "model": "deviceapp.manufacturer", "fields": {"displayname": "Midmark/Matrx", "name": "midmarkmatrx"}},{"pk": 60, "model": "deviceapp.manufacturer", "fields": {"displayname": "Min Xray", "name": "minxray"}},{"pk": 61, "model": "deviceapp.manufacturer", "fields": {"displayname": "MinX-ray/Vedco", "name": "minxrayvedco"}},{"pk": 62, "model": "deviceapp.manufacturer", "fields": {"displayname": "N/A", "name": "na"}},{"pk": 63, "model": "deviceapp.manufacturer", "fields": {"displayname": "National", "name": "national"}},{"pk": 64, "model": "deviceapp.manufacturer", "fields": {"displayname": "Nellcor", "name": "nellcor"}},{"pk": 65, "model": "deviceapp.manufacturer", "fields": {"displayname": "Neogen", "name": "neogen"}},{"pk": 66, "model": "deviceapp.manufacturer", "fields": {"displayname": "Nihon Kohden", "name": "nihonkohden"}},{"pk": 67, "model": "deviceapp.manufacturer", "fields": {"displayname": "Nikon", "name": "nikon"}},{"pk": 68, "model": "deviceapp.manufacturer", "fields": {"displayname": "Nonin", "name": "nonin"}},{"pk": 69, "model": "deviceapp.manufacturer", "fields": {"displayname": "Northwest Scale", "name": "northwestscale"}},{"pk": 70, "model": "deviceapp.manufacturer", "fields": {"displayname": "Olympic Veterinary", "name": "olympicveterinary"}},{"pk": 71, "model": "deviceapp.manufacturer", "fields": {"displayname": "OrthoPets", "name": "orthopets"}},{"pk": 72, "model": "deviceapp.manufacturer", "fields": {"displayname": "Oster", "name": "oster"}},{"pk": 73, "model": "deviceapp.manufacturer", "fields": {"displayname": "Pedigo", "name": "pedigo"}},{"pk": 74, "model": "deviceapp.manufacturer", "fields": {"displayname": "Performance Fabrics", "name": "performancefabrics"}},{"pk": 75, "model": "deviceapp.manufacturer", "fields": {"displayname": "Radiation Concepts", "name": "radiationconcepts"}},{"pk": 76, "model": "deviceapp.manufacturer", "fields": {"displayname": "Rena's", "name": "rena's"}},{"pk": 77, "model": "deviceapp.manufacturer", "fields": {"displayname": "Rx Count", "name": "rxcount"}},{"pk": 78, "model": "deviceapp.manufacturer", "fields": {"displayname": "Schuco", "name": "schuco"}},{"pk": 79, "model": "deviceapp.manufacturer", "fields": {"displayname": "Securos", "name": "securos"}},{"pk": 80, "model": "deviceapp.manufacturer", "fields": {"displayname": "Sedecal", "name": "sedecal"}},{"pk": 81, "model": "deviceapp.manufacturer", "fields": {"displayname": "Sharn", "name": "sharn"}},{"pk": 82, "model": "deviceapp.manufacturer", "fields": {"displayname": "Shielding Int", "name": "shieldingint"}},{"pk": 83, "model": "deviceapp.manufacturer", "fields": {"displayname": "Snyder Mfg", "name": "snydermfg"}},{"pk": 84, "model": "deviceapp.manufacturer", "fields": {"displayname": "Spectronics", "name": "spectronics"}},{"pk": 85, "model": "deviceapp.manufacturer", "fields": {"displayname": "Stat Spin", "name": "statspin"}},{"pk": 86, "model": "deviceapp.manufacturer", "fields": {"displayname": "Summit Hill", "name": "summithill"}},{"pk": 87, "model": "deviceapp.manufacturer", "fields": {"displayname": "SurgiVet", "name": "surgivet"}},{"pk": 88, "model": "deviceapp.manufacturer", "fields": {"displayname": "Swift", "name": "swift"}},{"pk": 89, "model": "deviceapp.manufacturer", "fields": {"displayname": "Treasure Valley X-Ray", "name": "treasurevalleyxray"}},{"pk": 90, "model": "deviceapp.manufacturer", "fields": {"displayname": "Triumph Medical Services", "name": "triumphmedicalservices"}},{"pk": 91, "model": "deviceapp.manufacturer", "fields": {"displayname": "Tuttnauer", "name": "tuttnauer"}},{"pk": 92, "model": "deviceapp.manufacturer", "fields": {"displayname": "Unico", "name": "unico"}},{"pk": 93, "model": "deviceapp.manufacturer", "fields": {"displayname": "Unico/VetOne", "name": "unicovetone"}},{"pk": 94, "model": "deviceapp.manufacturer", "fields": {"displayname": "United Rad", "name": "unitedrad"}},{"pk": 95, "model": "deviceapp.manufacturer", "fields": {"displayname": "Universal Imaging Inc", "name": "universalimaginginc"}},{"pk": 96, "model": "deviceapp.manufacturer", "fields": {"displayname": "Vedco", "name": "vedco"}},{"pk": 97, "model": "deviceapp.manufacturer", "fields": {"displayname": "Vetland", "name": "vetland"}},{"pk": 98, "model": "deviceapp.manufacturer", "fields": {"displayname": "VetOne", "name": "vetone"}},{"pk": 99, "model": "deviceapp.manufacturer", "fields": {"displayname": "VetOne/Securos", "name": "vetonesecuros"}},{"pk": 100, "model": "deviceapp.manufacturer", "fields": {"displayname": "VetOne/Unico", "name": "vetoneunico"}},{"pk": 101, "model": "deviceapp.manufacturer", "fields": {"displayname": "VMed Technology/EMS Products", "name": "vmedtechnologyemsproducts"}},{"pk": 102, "model": "deviceapp.manufacturer", "fields": {"displayname": "VSSI", "name": "vssi"}},{"pk": 103, "model": "deviceapp.manufacturer", "fields": {"displayname": "Wahl", "name": "wahl"}},{"pk": 104, "model": "deviceapp.manufacturer", "fields": {"displayname": "Welch Allyn", "name": "welchallyn"}},{"pk": 105, "model": "deviceapp.manufacturer", "fields": {"displayname": "Wolf X-Ray Corp", "name": "wolfxraycorp"}},
{"pk": 1,"model": "deviceapp.industry","fields": {"name": "veterinary","displayname" : "Veterinary" }},

{"pk": "1", "model": "deviceapp.category", "fields": {"industry": 1, "displayname": "Anesthesia", "name": "anesthesia", "totalunits": 0}},
{"pk": "1", "model": "deviceapp.subcategory", "fields": {"category": "1", "displayname": "Small Animal Mobile", "name": "smallanimalmobile", "totalunits": 0}},
{"pk": "2", "model": "deviceapp.subcategory", "fields": {"category": "1", "displayname": "Small Animal Tabletop", "name": "smallanimaltabletop", "totalunits": 0}},
{"pk": "3", "model": "deviceapp.subcategory", "fields": {"category": "1", "displayname": "Small Animal Research", "name": "smallanimalresearch", "totalunits": 0}},
{"pk": "4", "model": "deviceapp.subcategory", "fields": {"category": "1", "displayname": "Small Animal MRI Compatible", "name": "smallanimalmricompatible", "totalunits": 0}},
{"pk": "5", "model": "deviceapp.subcategory", "fields": {"category": "1", "displayname": "Large Animal", "name": "largeanimal", "totalunits": 0}},
{"pk": "6", "model": "deviceapp.subcategory", "fields": {"category": "1", "displayname": "Vaporizers", "name": "vaporizers", "totalunits": 0}},
{"pk": "7", "model": "deviceapp.subcategory", "fields": {"category": "1", "displayname": "Scavenging Systems", "name": "scavengingsystems", "totalunits": 0}},
{"pk": "8", "model": "deviceapp.subcategory", "fields": {"category": "1", "displayname": "Gas Supply", "name": "gassupply", "totalunits": 0}},
{"pk": "9", "model": "deviceapp.subcategory", "fields": {"category": "1", "displayname": "Oxygen Concentrators", "name": "oxygenconcentrators", "totalunits": 0}},
{"pk": "10", "model": "deviceapp.subcategory", "fields": {"category": "1", "displayname": "Induction Chamber", "name": "inductionchamber", "totalunits": 0}},
{"pk": "11", "model": "deviceapp.subcategory", "fields": {"category": "1", "displayname": "Ventilators", "name": "ventilators", "totalunits": 0}},
{"pk": "12", "model": "deviceapp.subcategory", "fields": {"category": "1", "displayname": "Cuff Safe", "name": "cuffsafe", "totalunits": 0}},
{"pk": "2", "model": "deviceapp.category", "fields": {"industry": 1, "displayname": "Aspirators", "name": "aspirators", "totalunits": 0}},
{"pk": "13", "model": "deviceapp.subcategory", "fields": {"category": "2", "displayname": "Aspirators", "name": "aspirators", "totalunits": 0}},
{"pk": "14", "model": "deviceapp.subcategory", "fields": {"category": "2", "displayname": "Handles and Hoses", "name": "handlesandhoses", "totalunits": 0}},
{"pk": "3", "model": "deviceapp.category", "fields": {"industry": 1, "displayname": "Boarding and Holding", "name": "boardingandholding", "totalunits": 0}},
{"pk": "15", "model": "deviceapp.subcategory", "fields": {"category": "3", "displayname": "Cage Banks", "name": "cagebanks", "totalunits": 0}},
{"pk": "16", "model": "deviceapp.subcategory", "fields": {"category": "3", "displayname": "Cage Options", "name": "cageoptions", "totalunits": 0}},
{"pk": "17", "model": "deviceapp.subcategory", "fields": {"category": "3", "displayname": "Cage O2 Therapy Doors", "name": "cageo2therapydoors", "totalunits": 0}},
{"pk": "18", "model": "deviceapp.subcategory", "fields": {"category": "3", "displayname": "Kennel Runs", "name": "kennelruns", "totalunits": 0}},
{"pk": "19", "model": "deviceapp.subcategory", "fields": {"category": "3", "displayname": "Cat Condos", "name": "catcondos", "totalunits": 0}},
{"pk": "4", "model": "deviceapp.category", "fields": {"industry": 1, "displayname": "Critical Care and Recovery", "name": "criticalcareandrecovery", "totalunits": 0}},
{"pk": "20", "model": "deviceapp.subcategory", "fields": {"category": "3", "displayname": "Oxygen Sensors", "name": "oxygensensors", "totalunits": 0}},
{"pk": "21", "model": "deviceapp.subcategory", "fields": {"category": "3", "displayname": "ICU", "name": "icu", "totalunits": 0}},
{"pk": "22", "model": "deviceapp.subcategory", "fields": {"category": "3", "displayname": "Nebulizers", "name": "nebulizers", "totalunits": 0}},
{"pk": "23", "model": "deviceapp.subcategory", "fields": {"category": "3", "displayname": "Resuscitation", "name": "resuscitation", "totalunits": 0}},
{"pk": "5", "model": "deviceapp.category", "fields": {"industry": 1, "displayname": "Dental", "name": "dental", "totalunits": 0}},
{"pk": "24", "model": "deviceapp.subcategory", "fields": {"category": "4", "displayname": "Dental Stations", "name": "dentalstations", "totalunits": 0}},
{"pk": "25", "model": "deviceapp.subcategory", "fields": {"category": "4", "displayname": "Scalar/Polisher Units", "name": "scalarpolisherunits", "totalunits": 0}},
{"pk": "26", "model": "deviceapp.subcategory", "fields": {"category": "4", "displayname": "Water Supply", "name": "watersupply", "totalunits": 0}},
{"pk": "27", "model": "deviceapp.subcategory", "fields": {"category": "4", "displayname": "Restorative", "name": "restorative", "totalunits": 0}},
{"pk": "28", "model": "deviceapp.subcategory", "fields": {"category": "4", "displayname": "X-Ray", "name": "xray", "totalunits": 0}},
{"pk": "29", "model": "deviceapp.subcategory", "fields": {"category": "4", "displayname": "Dental Equine", "name": "dentalequine", "totalunits": 0}},
{"pk": "6", "model": "deviceapp.category", "fields": {"industry": 1, "displayname": "Diagnostic", "name": "diagnostic", "totalunits": 0}},
{"pk": "30", "model": "deviceapp.subcategory", "fields": {"category": "5", "displayname": "Handles and Chargers", "name": "handlesandchargers", "totalunits": 0}},
{"pk": "31", "model": "deviceapp.subcategory", "fields": {"category": "5", "displayname": "Ophthalmoscopes", "name": "ophthalmoscopes", "totalunits": 0}},
{"pk": "32", "model": "deviceapp.subcategory", "fields": {"category": "5", "displayname": "Otoscopes", "name": "otoscopes", "totalunits": 0}},
{"pk": "33", "model": "deviceapp.subcategory", "fields": {"category": "5", "displayname": "Transiluminators", "name": "transiluminators", "totalunits": 0}},
{"pk": "34", "model": "deviceapp.subcategory", "fields": {"category": "5", "displayname": "Laryngoscope Handles and Blades", "name": "laryngoscopehandlesandblades", "totalunits": 0}},
{"pk": "35", "model": "deviceapp.subcategory", "fields": {"category": "5", "displayname": "Dermascout", "name": "dermascout", "totalunits": 0}},
{"pk": "36", "model": "deviceapp.subcategory", "fields": {"category": "5", "displayname": "Head Lamps", "name": "headlamps", "totalunits": 0}},
{"pk": "37", "model": "deviceapp.subcategory", "fields": {"category": "5", "displayname": "Loupes and Optivisors", "name": "loupesandoptivisors", "totalunits": 0}},
{"pk": "38", "model": "deviceapp.subcategory", "fields": {"category": "5", "displayname": "Stethoscopes", "name": "stethoscopes", "totalunits": 0}},
{"pk": "39", "model": "deviceapp.subcategory", "fields": {"category": "5", "displayname": "Thermometers", "name": "thermometers", "totalunits": 0}},
{"pk": "40", "model": "deviceapp.subcategory", "fields": {"category": "5", "displayname": "Tonometer", "name": "tonometer", "totalunits": 0}},
{"pk": "7", "model": "deviceapp.category", "fields": {"industry": 1, "displayname": "Electrosurgery and Cryosurgery", "name": "electrosurgeryandcryosurgery", "totalunits": 0}},
{"pk": "41", "model": "deviceapp.subcategory", "fields": {"category": "6", "displayname": "Electrosurgery", "name": "electrosurgery", "totalunits": 0}},
{"pk": "42", "model": "deviceapp.subcategory", "fields": {"category": "6", "displayname": "Smoke Evacuation", "name": "smokeevacuation", "totalunits": 0}},
{"pk": "43", "model": "deviceapp.subcategory", "fields": {"category": "6", "displayname": "Cryosurgery", "name": "cryosurgery", "totalunits": 0}},
{"pk": "44", "model": "deviceapp.subcategory", "fields": {"category": "7", "displayname": "Infusion Pumps", "name": "infusionpumps", "totalunits": 0}},
{"pk": "45", "model": "deviceapp.subcategory", "fields": {"category": "7", "displayname": "Syringe Pumps", "name": "syringepumps", "totalunits": 0}},
{"pk": "46", "model": "deviceapp.subcategory", "fields": {"category": "7", "displayname": "IV Cage Mount", "name": "ivcagemount", "totalunits": 0}},
{"pk": "47", "model": "deviceapp.subcategory", "fields": {"category": "7", "displayname": "IV Stands", "name": "ivstands", "totalunits": 0}},
{"pk": "48", "model": "deviceapp.subcategory", "fields": {"category": "7", "displayname": "Fluid Warmers", "name": "fluidwarmers", "totalunits": 0}},
{"pk": "8", "model": "deviceapp.category", "fields": {"industry": 1, "displayname": "Grooming", "name": "grooming", "totalunits": 0}},
{"pk": "49", "model": "deviceapp.subcategory", "fields": {"category": "8", "displayname": "Clippers", "name": "clippers", "totalunits": 0}},
{"pk": "50", "model": "deviceapp.subcategory", "fields": {"category": "8", "displayname": "Trimmers", "name": "trimmers", "totalunits": 0}},
{"pk": "51", "model": "deviceapp.subcategory", "fields": {"category": "8", "displayname": "Dryers", "name": "dryers", "totalunits": 0}},
{"pk": "52", "model": "deviceapp.subcategory", "fields": {"category": "8", "displayname": "Bathing", "name": "bathing", "totalunits": 0}},
{"pk": "9", "model": "deviceapp.category", "fields": {"industry": 1, "displayname": "Lab", "name": "lab", "totalunits": 0}},
{"pk": "53", "model": "deviceapp.subcategory", "fields": {"category": "9", "displayname": "IDEXX In-House Diagnostics", "name": "idexxinhousediagnostics", "totalunits": 0}},
{"pk": "54", "model": "deviceapp.subcategory", "fields": {"category": "9", "displayname": "ABAXIS In-House Diagnostics", "name": "abaxisinhousediagnostics", "totalunits": 0}},
{"pk": "55", "model": "deviceapp.subcategory", "fields": {"category": "9", "displayname": "Centrifuges", "name": "centrifuges", "totalunits": 0}},
{"pk": "56", "model": "deviceapp.subcategory", "fields": {"category": "9", "displayname": "Microscopes", "name": "microscopes", "totalunits": 0}},
{"pk": "57", "model": "deviceapp.subcategory", "fields": {"category": "9", "displayname": "Microscope Camera Systems", "name": "microscopecamerasystems", "totalunits": 0}},
{"pk": "58", "model": "deviceapp.subcategory", "fields": {"category": "9", "displayname": "Tube Rockers", "name": "tuberockers", "totalunits": 0}},
{"pk": "59", "model": "deviceapp.subcategory", "fields": {"category": "9", "displayname": "Incubators", "name": "incubators", "totalunits": 0}},
{"pk": "60", "model": "deviceapp.subcategory", "fields": {"category": "9", "displayname": "Refractomoters", "name": "refractomoters", "totalunits": 0}},
{"pk": "10", "model": "deviceapp.category", "fields": {"industry": 1, "displayname": "Large Animal Specialty", "name": "largeanimalspecialty", "totalunits": 0}},
{"pk": "61", "model": "deviceapp.subcategory", "fields": {"category": "10", "displayname": "Emasculators", "name": "emasculators", "totalunits": 0}},
{"pk": "62", "model": "deviceapp.subcategory", "fields": {"category": "10", "displayname": "Semen Collection", "name": "semencollection", "totalunits": 0}},
{"pk": "11", "model": "deviceapp.category", "fields": {"industry": 1, "displayname": "Lighting", "name": "lighting", "totalunits": 0}},
{"pk": "63", "model": "deviceapp.subcategory", "fields": {"category": "11", "displayname": "Surgical Lights", "name": "surgicallights", "totalunits": 0}},
{"pk": "64", "model": "deviceapp.subcategory", "fields": {"category": "11", "displayname": "Dental and Exam Lights", "name": "dentalandexamlights", "totalunits": 0}},
{"pk": "65", "model": "deviceapp.subcategory", "fields": {"category": "11", "displayname": "Spot Lights", "name": "spotlights", "totalunits": 0}},
{"pk": "66", "model": "deviceapp.subcategory", "fields": {"category": "11", "displayname": "Track Options", "name": "trackoptions", "totalunits": 0}},
{"pk": "67", "model": "deviceapp.subcategory", "fields": {"category": "11", "displayname": "Woods Lights", "name": "woodslights", "totalunits": 0}},
{"pk": "12", "model": "deviceapp.category", "fields": {"industry": 1, "displayname": "Monitors", "name": "monitors", "totalunits": 0}},
{"pk": "68", "model": "deviceapp.subcategory", "fields": {"category": "12", "displayname": "Multi-Parameter", "name": "multiparameter", "totalunits": 0}},
{"pk": "69", "model": "deviceapp.subcategory", "fields": {"category": "12", "displayname": "Pulse Oximetry", "name": "pulseoximetry", "totalunits": 0}},
{"pk": "70", "model": "deviceapp.subcategory", "fields": {"category": "12", "displayname": "Non-Invasive Blood Pressure", "name": "noninvasivebloodpressure", "totalunits": 0}},
{"pk": "71", "model": "deviceapp.subcategory", "fields": {"category": "12", "displayname": "Doppler", "name": "doppler", "totalunits": 0}},
{"pk": "72", "model": "deviceapp.subcategory", "fields": {"category": "12", "displayname": "Electrocardiography", "name": "electrocardiography", "totalunits": 0}},
{"pk": "73", "model": "deviceapp.subcategory", "fields": {"category": "12", "displayname": "Capnography", "name": "capnography", "totalunits": 0}},
{"pk": "74", "model": "deviceapp.subcategory", "fields": {"category": "12", "displayname": "Resipiration", "name": "resipiration", "totalunits": 0}},
{"pk": "75", "model": "deviceapp.subcategory", "fields": {"category": "12", "displayname": "Telemetry", "name": "telemetry", "totalunits": 0}},
{"pk": "76", "model": "deviceapp.subcategory", "fields": {"category": "12", "displayname": "MRI Compatible", "name": "mricompatible", "totalunits": 0}},
{"pk": "77", "model": "deviceapp.subcategory", "fields": {"category": "12", "displayname": "Rolling Stands", "name": "rollingstands", "totalunits": 0}},
{"pk": "78", "model": "deviceapp.subcategory", "fields": {"category": "12", "displayname": "Accessories", "name": "accessories", "totalunits": 0}},
{"pk": "13", "model": "deviceapp.category", "fields": {"industry": 1, "displayname": "MRI Compatible", "name": "mricompatible", "totalunits": 0}},
{"pk": "79", "model": "deviceapp.subcategory", "fields": {"category": "13", "displayname": "MRI Compatible Anesthesia", "name": "mricompatibleanesthesia", "totalunits": 0}},
{"pk": "80", "model": "deviceapp.subcategory", "fields": {"category": "13", "displayname": "MRI Compatible Syringe Pumps", "name": "mricompatiblesyringepumps", "totalunits": 0}},
{"pk": "81", "model": "deviceapp.subcategory", "fields": {"category": "13", "displayname": "MRI Compatible Monitors", "name": "mricompatiblemonitors", "totalunits": 0}},
{"pk": "14", "model": "deviceapp.category", "fields": {"industry": 1, "displayname": "Narcotic Safes", "name": "narcoticsafes", "totalunits": 0}},
{"pk": "82", "model": "deviceapp.subcategory", "fields": {"category": "14", "displayname": "Narcotic Safes", "name": "narcoticsafes", "totalunits": 0}},
{"pk": "15", "model": "deviceapp.category", "fields": {"industry": 1, "displayname": "Orthopedic", "name": "orthopedic", "totalunits": 0}},
{"pk": "83", "model": "deviceapp.subcategory", "fields": {"category": "15", "displayname": "Orthopedic", "name": "orthopedic", "totalunits": 0}},
{"pk": "16", "model": "deviceapp.category", "fields": {"industry": 1, "displayname": "Patient Transport and Handling", "name": "patienttransportandhandling", "totalunits": 0}},
{"pk": "84", "model": "deviceapp.subcategory", "fields": {"category": "16", "displayname": "Stretchers and Gurneys", "name": "stretchersandgurneys", "totalunits": 0}},
{"pk": "85", "model": "deviceapp.subcategory", "fields": {"category": "16", "displayname": "Handling Gloves", "name": "handlinggloves", "totalunits": 0}},
{"pk": "17", "model": "deviceapp.category", "fields": {"industry": 1, "displayname": "Patient Warming", "name": "patientwarming", "totalunits": 0}},
{"pk": "86", "model": "deviceapp.subcategory", "fields": {"category": "17", "displayname": "Convective Warm Air Warming Systems", "name": "convectivewarmairwarmingsystems", "totalunits": 0}},
{"pk": "87", "model": "deviceapp.subcategory", "fields": {"category": "17", "displayname": "Water Circulating Warming Systems", "name": "watercirculatingwarmingsystems", "totalunits": 0}},
{"pk": "88", "model": "deviceapp.subcategory", "fields": {"category": "17", "displayname": "Electric Warming Systems", "name": "electricwarmingsystems", "totalunits": 0}},
{"pk": "18", "model": "deviceapp.category", "fields": {"industry": 1, "displayname": "Pharmacy", "name": "pharmacy", "totalunits": 0}},
{"pk": "89", "model": "deviceapp.subcategory", "fields": {"category": "18", "displayname": "Cubex", "name": "cubex", "totalunits": 0}},
{"pk": "90", "model": "deviceapp.subcategory", "fields": {"category": "18", "displayname": "Pill Counter", "name": "pillcounter", "totalunits": 0}},
{"pk": "19", "model": "deviceapp.category", "fields": {"industry": 1, "displayname": "Scales", "name": "scales", "totalunits": 0}},
{"pk": "91", "model": "deviceapp.subcategory", "fields": {"category": "19", "displayname": "Platform Scales", "name": "platformscales", "totalunits": 0}},
{"pk": "92", "model": "deviceapp.subcategory", "fields": {"category": "19", "displayname": "Pediatric Scales", "name": "pediatricscales", "totalunits": 0}},
{"pk": "93", "model": "deviceapp.subcategory", "fields": {"category": "19", "displayname": "Gram Scales", "name": "gramscales", "totalunits": 0}},
{"pk": "94", "model": "deviceapp.subcategory", "fields": {"category": "19", "displayname": "Equine Scales", "name":"equinescales", "totalunits": 0}},
{"pk": "20", "model": "deviceapp.category", "fields": {"industry": 1, "displayname": "Seating", "name": "seating", "totalunits": 0}},
{"pk": "95", "model": "deviceapp.subcategory", "fields": {"category": "20", "displayname": "Seating", "name": "seating", "totalunits": 0}},
{"pk": "21", "model": "deviceapp.category", "fields": {"industry": 1, "displayname": "Sinks", "name": "sinks", "totalunits": 0}},
{"pk": "96", "model": "deviceapp.subcategory", "fields": {"category": "21", "displayname": "Sinks", "name": "sinks", "totalunits": 0}},
{"pk": "22", "model": "deviceapp.category", "fields": {"industry": 1, "displayname": "Sterilization", "name": "sterilization", "totalunits": 0}},
{"pk": "97", "model": "deviceapp.subcategory", "fields": {"category": "22", "displayname": "Autoclaves", "name": "autoclaves", "totalunits": 0}},
{"pk": "98", "model": "deviceapp.subcategory", "fields": {"category": "22", "displayname": "Gas Sterilization", "name": "gassterilization", "totalunits": 0}},
{"pk": "99", "model": "deviceapp.subcategory", "fields": {"category": "22", "displayname": "Ultrasonic Cleaners", "name": "ultrasoniccleaners", "totalunits": 0}},
{"pk": "100", "model": "deviceapp.subcategory", "fields": {"category": "22", "displayname": "Water Distillers", "name": "waterdistillers", "totalunits": 0}},
{"pk": "23", "model": "deviceapp.category", "fields": {"industry": 1, "displayname": "Tables", "name": "tables", "totalunits": 0}},
{"pk": "101", "model": "deviceapp.subcategory", "fields": {"category": "23", "displayname": "Exam and Casework", "name": "examandcasework", "totalunits": 0}},
{"pk": "102", "model": "deviceapp.subcategory", "fields": {"category": "23", "displayname": "Wet/Prep and Casework", "name": "wetprepandcasework", "totalunits": 0}},
{"pk": "103", "model": "deviceapp.subcategory", "fields": {"category": "23", "displayname": "Surgery", "name": "surgery", "totalunits": 0}},
{"pk": "104", "model": "deviceapp.subcategory", "fields": {"category": "23", "displayname": "Specialty", "name": "specialty", "totalunits": 0}},
{"pk": "24", "model": "deviceapp.category", "fields": {"industry": 1, "displayname": "Therapy and Rehab", "name": "therapyandrehab", "totalunits": 0}},
{"pk": "105", "model": "deviceapp.subcategory", "fields": {"category": "24", "displayname": "K-Laser", "name": "klaser", "totalunits": 0}},
{"pk": "106", "model": "deviceapp.subcategory", "fields": {"category": "24", "displayname": "Game Ready", "name": "gameready", "totalunits": 0}},
{"pk": "107", "model": "deviceapp.subcategory", "fields": {"category": "24", "displayname": "Treadmill", "name": "treadmill", "totalunits": 0}},
{"pk": "25", "model": "deviceapp.category", "fields": {"industry": 1, "displayname": "Ultrasound", "name": "ultrasound", "totalunits": 0}},
{"pk": "108", "model": "deviceapp.subcategory", "fields": {"category": "25", "displayname": "Ultrasounds", "name": "ultrasounds", "totalunits": 0}},
{"pk": "109", "model": "deviceapp.subcategory", "fields": {"category": "25", "displayname": "Probes", "name": "probes", "totalunits": 0}},
{"pk": "26", "model": "deviceapp.category", "fields": {"industry": 1, "displayname": "X Ray", "name": "xray", "totalunits": 0}},
{"pk": "110", "model": "deviceapp.subcategory", "fields": {"category": "26", "displayname": "Small Animal Full Body", "name": "smallanimalfullbody", "totalunits": 0}},
{"pk": "111", "model": "deviceapp.subcategory", "fields": {"category": "26", "displayname": "Portable Handheld Units", "name": "portablehandheldunits", "totalunits": 0}},
{"pk": "112", "model": "deviceapp.subcategory", "fields": {"category": "26", "displayname": "Equine Digital Systems", "name": "equinedigitalsystems", "totalunits": 0}},
{"pk": "113", "model": "deviceapp.subcategory", "fields": {"category": "26", "displayname": "Dental", "name": "dental", "totalunits": 0}},
{"pk": "114", "model": "deviceapp.subcategory", "fields": {"category": "26", "displayname": "Tables and Stands", "name": "tablesandstands", "totalunits": 0}},
{"pk": "115", "model": "deviceapp.subcategory", "fields": {"category": "26", "displayname": "Film Processors", "name": "filmprocessors", "totalunits": 0}},
{"pk": "116", "model": "deviceapp.subcategory", "fields": {"category": "26", "displayname": "Film Storage Bin", "name": "filmstoragebin", "totalunits": 0}},
{"pk": "117", "model": "deviceapp.subcategory", "fields": {"category": "26", "displayname": "Film ID Printers", "name": "filmidprinters", "totalunits": 0}},
{"pk": "118", "model": "deviceapp.subcategory", "fields": {"category": "26", "displayname": "Positioners", "name": "positioners", "totalunits": 0}},
{
    "pk": 1, 
    "model": "auth.user", 
    "fields": {
        "username": "a", 
        "first_name": "", 
        "last_name": "", 
        "is_active": true, 
        "is_superuser": true, 
        "is_staff": true, 
        "last_login": "2013-10-28T04:37:02.515Z", 
        "groups": [], 
        "user_permissions": [], 
        "password": "pbkdf2_sha256$10000$xSO9oRFz88LQ$XGNybzF63vtLfbJllBzLt6hfO0tTY2W3BXaln8ncgBM=", 
        "email": "a@a.com", 
        "date_joined": "2013-10-28T04:36:12.295Z"
    }
},
{
    "pk": 2, 
    "model": "auth.user", 
    "fields": {
        "username": "brooke@aim.com", 
        "first_name": "", 
        "last_name": "", 
        "is_active": true, 
        "is_superuser": false, 
        "is_staff": false, 
        "last_login": "2013-10-28T04:37:27.969Z", 
        "groups": [], 
        "user_permissions": [], 
        "password": "pbkdf2_sha256$10000$baG2jbKu2fmr$GQMak8dwaoerfKjoVBxom27VVhAlm5IAOlcE5wW1fQw=", 
        "email": "brooke@aim.com", 
        "date_joined": "2013-10-28T04:37:27.969Z"
    }
},
{
	"pk": 1,
	"model": "deviceapp.basicuser",
	"fields": {
		"user":2,
		"businesstype": "individual",
		"name": "Brooke Johnson",
		"company" : "Colts Neck Equine",
		"email":"brooke@aim.com",
		"address":"1 main street",
		"zipcode": "07722" ,
		"city":"Colts Neck",
		"state":"NJ",
		"website":"www.test.com",
		"phonenumber":"732-547-4516"
	}
},
{
    "pk": 3, 
    "model": "auth.user", 
    "fields": {
        "username": "mike@aim.com", 
        "first_name": "", 
        "last_name": "", 
        "is_active": true, 
        "is_superuser": false, 
        "is_staff": false, 
        "last_login": "2013-10-28T04:37:27.969Z", 
        "groups": [], 
        "user_permissions": [], 
        "password": "pbkdf2_sha256$10000$baG2jbKu2fmr$GQMak8dwaoerfKjoVBxom27VVhAlm5IAOlcE5wW1fQw=", 
        "email": "brooke@aim.com", 
        "date_joined": "2013-10-28T04:37:27.969Z"
    }
},
{
	"pk": 2,
	"model": "deviceapp.basicuser",
	"fields": {
		"user":3,
		"businesstype": "individual",
		"name": "Mike Rogers",
		"company" : "Colts Neck Equine",
		"email":"mike@aim.com",
		"address":"1 main street",
		"zipcode": "02215" ,
		"city":"Boston",
		"state":"MA",
		"website":"www.test.com",
		"phonenumber":"732-547-4516"
	}
},
{
    "pk": 4, 
    "model": "auth.user", 
    "fields": {
        "username": "bob@aim.com", 
        "first_name": "", 
        "last_name": "", 
        "is_active": true, 
        "is_superuser": false, 
        "is_staff": false, 
        "last_login": "2013-10-28T04:37:27.969Z", 
        "groups": [], 
        "user_permissions": [], 
        "password": "pbkdf2_sha256$10000$baG2jbKu2fmr$GQMak8dwaoerfKjoVBxom27VVhAlm5IAOlcE5wW1fQw=", 
        "email": "brooke@aim.com", 
        "date_joined": "2013-10-28T04:37:27.969Z"
    }
},
{
	"pk": 3,
	"model": "deviceapp.basicuser",
	"fields": {
		"user":4,
		"businesstype": "individual",
		"name": "Bob Rogers",
		"company" : "Colts Neck Equine",
		"email":"bob@aim.com",
		"address":"1 main street",
		"zipcode": "12345" ,
		"city":"Schenectedy",
		"state":"NY",
		"website":"www.test.com",
		"phonenumber":"732-547-4516"
	}
},
{
    "pk": 1, 
    "model": "deviceapp.item", 
    "fields": {
    	"user": 2, 
    	"name": "XT450 Power UltraSound Machine", 
    	"subcategory": 108,
    	"manufacturer" : 5,
    	"serialno":"542523519864",
    	"year":2001,
    	"type": "preowned", 
    	"dateacquired":"2009-5-01",
    	"contract": "contractoptional",
    	"condition": 2,
    	"conditiondescription":"This product was mainly used in mobile veterinary trucks and carried from farm to farm. There are a couple scratches on the machine but otherwise it is in great working order",
    	"productdescription": "The New Fazone CB Ultrasound with Zone Sonography Technology. Anytime, anywhere 'CB' usability is stress free and easy, regardless of place or occasion. This elegant, ultra high quality ultrasound easily moves from the exam room to your vehicle bringing all aspects of FujiFilms' attention to detail along with it. Features include a full screen, 12-inch LCD monitor, instant one touch image optimization, intuitive operation with keys grouped by functionality, fast boot-up time, easy on and off cart capability, and stylish compact design",
        "shippingincluded" : true,
        "price": 3430,
        "liststatus": "active",
        "savedcount" : 0,
        "verified" : false,
        "listeddate" : "2013-11-01"
    }
},
{
    "pk": 2, 
    "model": "deviceapp.item", 
    "fields": {
    	"user": 3, 
    	"name": "XT450 Power UltraSound Machine 2", 
    	"subcategory": 108,
    	"manufacturer" : 2,
    	"serialno":"542523519864",
    	"year":2001,
    	"type": "preowned", 
    	"dateacquired":"2009-5-01",
    	"contract": "contractoptional",
    	"condition": 2,
    	"conditiondescription":"This product was mainly used in mobile veterinary trucks and carried from farm to farm. There are a couple scratches on the machine but otherwise it is in great working order",
    	"productdescription": "The New Fazone CB Ultrasound with Zone Sonography Technology. Anytime, anywhere 'CB' usability is stress free and easy, regardless of place or occasion. This elegant, ultra high quality ultrasound easily moves from the exam room to your vehicle bringing all aspects of FujiFilms' attention to detail along with it. Features include a full screen, 12-inch LCD monitor, instant one touch image optimization, intuitive operation with keys grouped by functionality, fast boot-up time, easy on and off cart capability, and stylish compact design",
        "shippingincluded" : true,
        "price": 4430,
        "liststatus": "active",
        "savedcount" : 0,
        "verified" : false,
        "listeddate" : "2013-11-01"
    }
},
{
    "pk": 3, 
    "model": "deviceapp.item", 
    "fields": {
    	"user": 1, 
    	"name": "XT450 Power UltraSound Machine 3", 
    	"subcategory": 108,
    	"manufacturer" : 2,
    	"serialno":"542523519864",
    	"year":2001,
    	"type": "preowned", 
    	"dateacquired":"2009-5-01",
    	"contract": "contractoptional",
    	"condition": 2,
    	"conditiondescription":"This product was mainly used in mobile veterinary trucks and carried from farm to farm. There are a couple scratches on the machine but otherwise it is in great working order",
    	"productdescription": "The New Fazone CB Ultrasound with Zone Sonography Technology. Anytime, anywhere 'CB' usability is stress free and easy, regardless of place or occasion. This elegant, ultra high quality ultrasound easily moves from the exam room to your vehicle bringing all aspects of FujiFilms' attention to detail along with it. Features include a full screen, 12-inch LCD monitor, instant one touch image optimization, intuitive operation with keys grouped by functionality, fast boot-up time, easy on and off cart capability, and stylish compact design",
        "shippingincluded" : true,
        "price": 4830,
        "liststatus": "active",
        "savedcount" : 0,
        "verified" : false,
        "listeddate" : "2013-11-01"
    }
},
{
    "pk": 4, 
    "model": "deviceapp.item", 
    "fields": {
    	"user": 2, 
    	"name": "XT450 Power UltraSound Machine 4", 
    	"subcategory": 108,
    	"manufacturer" : 5,
    	"serialno":"542523519864",
    	"year":2001,
    	"type": "preowned", 
    	"dateacquired":"2009-5-01",
    	"contract": "contractoptional",
    	"condition": 2,
    	"conditiondescription":"This product was mainly used in mobile veterinary trucks and carried from farm to farm. There are a couple scratches on the machine but otherwise it is in great working order",
    	"productdescription": "The New Fazone CB Ultrasound with Zone Sonography Technology. Anytime, anywhere 'CB' usability is stress free and easy, regardless of place or occasion. This elegant, ultra high quality ultrasound easily moves from the exam room to your vehicle bringing all aspects of FujiFilms' attention to detail along with it. Features include a full screen, 12-inch LCD monitor, instant one touch image optimization, intuitive operation with keys grouped by functionality, fast boot-up time, easy on and off cart capability, and stylish compact design",
        "shippingincluded" : true,
        "price": 3430,
        "liststatus": "active",
        "savedcount" : 0,
        "verified" : false,
        "listeddate" : "2013-11-01"
    }
},
{
    "pk": 5, 
    "model": "deviceapp.item", 
    "fields": {
    	"user": 3, 
    	"name": "XT450 Power UltraSound Machine 5", 
    	"subcategory": 108,
    	"manufacturer" : 2,
    	"serialno":"542523519864",
    	"year":2001,
    	"type": "preowned", 
    	"dateacquired":"2009-5-01",
    	"contract": "contractoptional",
    	"condition": 2,
    	"conditiondescription":"This product was mainly used in mobile veterinary trucks and carried from farm to farm. There are a couple scratches on the machine but otherwise it is in great working order",
    	"productdescription": "The New Fazone CB Ultrasound with Zone Sonography Technology. Anytime, anywhere 'CB' usability is stress free and easy, regardless of place or occasion. This elegant, ultra high quality ultrasound easily moves from the exam room to your vehicle bringing all aspects of FujiFilms' attention to detail along with it. Features include a full screen, 12-inch LCD monitor, instant one touch image optimization, intuitive operation with keys grouped by functionality, fast boot-up time, easy on and off cart capability, and stylish compact design",
        "shippingincluded" : true,
        "price": 4430,
        "liststatus": "active",
        "savedcount" : 0,
        "verified" : false,
        "listeddate" : "2013-11-01"
    }
},
{
    "pk": 6, 
    "model": "deviceapp.item", 
    "fields": {
    	"user": 1, 
    	"name": "XT450 Power UltraSound Machine 6", 
    	"subcategory": 108,
    	"manufacturer" : 2,
    	"serialno":"542523519864",
    	"year":2001,
    	"type": "preowned", 
    	"dateacquired":"2009-5-01",
    	"contract": "contractoptional",
    	"condition": 2,
    	"conditiondescription":"This product was mainly used in mobile veterinary trucks and carried from farm to farm. There are a couple scratches on the machine but otherwise it is in great working order",
    	"productdescription": "The New Fazone CB Ultrasound with Zone Sonography Technology. Anytime, anywhere 'CB' usability is stress free and easy, regardless of place or occasion. This elegant, ultra high quality ultrasound easily moves from the exam room to your vehicle bringing all aspects of FujiFilms' attention to detail along with it. Features include a full screen, 12-inch LCD monitor, instant one touch image optimization, intuitive operation with keys grouped by functionality, fast boot-up time, easy on and off cart capability, and stylish compact design",
        "shippingincluded" : true,
        "price": 4830,
        "liststatus": "active",
        "savedcount" : 0,
        "verified" : false,
        "listeddate" : "2013-11-01"
    }
},
{
    "pk": 7, 
    "model": "deviceapp.item", 
    "fields": {
    	"user": 2, 
    	"name": "XT450 Power UltraSound  7", 
    	"subcategory": 108,
    	"manufacturer" : 5,
    	"serialno":"542523519864",
    	"year":2001,
    	"type": "preowned", 
    	"dateacquired":"2009-5-01",
    	"contract": "contractoptional",
    	"condition": 2,
    	"conditiondescription":"This product was mainly used in mobile veterinary trucks and carried from farm to farm. There are a couple scratches on the machine but otherwise it is in great working order",
    	"productdescription": "The New Fazone CB Ultrasound with Zone Sonography Technology. Anytime, anywhere 'CB' usability is stress free and easy, regardless of place or occasion. This elegant, ultra high quality ultrasound easily moves from the exam room to your vehicle bringing all aspects of FujiFilms' attention to detail along with it. Features include a full screen, 12-inch LCD monitor, instant one touch image optimization, intuitive operation with keys grouped by functionality, fast boot-up time, easy on and off cart capability, and stylish compact design",
        "shippingincluded" : true,
        "price": 3430,
        "liststatus": "active",
        "savedcount" : 0,
        "verified" : false,
        "listeddate" : "2013-11-01"
    }
},
{
    "pk": 8, 
    "model": "deviceapp.item", 
    "fields": {
    	"user": 3, 
    	"name": "XT450 Power UltraSound Machine 8", 
    	"subcategory": 108,
    	"manufacturer" : 2,
    	"serialno":"542523519864",
    	"year":2001,
    	"type": "preowned", 
    	"dateacquired":"2009-5-01",
    	"contract": "contractoptional",
    	"condition": 2,
    	"conditiondescription":"This product was mainly used in mobile veterinary trucks and carried from farm to farm. There are a couple scratches on the machine but otherwise it is in great working order",
    	"productdescription": "The New Fazone CB Ultrasound with Zone Sonography Technology. Anytime, anywhere 'CB' usability is stress free and easy, regardless of place or occasion. This elegant, ultra high quality ultrasound easily moves from the exam room to your vehicle bringing all aspects of FujiFilms' attention to detail along with it. Features include a full screen, 12-inch LCD monitor, instant one touch image optimization, intuitive operation with keys grouped by functionality, fast boot-up time, easy on and off cart capability, and stylish compact design",
        "shippingincluded" : true,
        "price": 4430,
        "liststatus": "active",
        "savedcount" : 0,
        "verified" : false,
        "listeddate" : "2013-11-01"
    }
},
{
    "pk": 9, 
    "model": "deviceapp.item", 
    "fields": {
    	"user": 1, 
    	"name": "XT450 Power UltraSound Machine 9", 
    	"subcategory": 108,
    	"manufacturer" : 2,
    	"serialno":"542523519864",
    	"year":2001,
    	"type": "preowned", 
    	"dateacquired":"2009-5-01",
    	"contract": "contractoptional",
    	"condition": 2,
    	"conditiondescription":"This product was mainly used in mobile veterinary trucks and carried from farm to farm. There are a couple scratches on the machine but otherwise it is in great working order",
    	"productdescription": "The New Fazone CB Ultrasound with Zone Sonography Technology. Anytime, anywhere 'CB' usability is stress free and easy, regardless of place or occasion. This elegant, ultra high quality ultrasound easily moves from the exam room to your vehicle bringing all aspects of FujiFilms' attention to detail along with it. Features include a full screen, 12-inch LCD monitor, instant one touch image optimization, intuitive operation with keys grouped by functionality, fast boot-up time, easy on and off cart capability, and stylish compact design",
        "shippingincluded" : true,
        "price": 4830,
        "liststatus": "active",
        "savedcount" : 0,
        "verified" : false,
        "listeddate" : "2013-11-01"
    }
},
{
    "pk": 1, 
    "model": "deviceapp.question", 
    "fields": {
    	"user": 1, 
    	"question": "Does the ultrasound have an extra probe or carrying case?", 
    	"item":9,
    	"date" : "2013-11-01"
    }
},
{
    "pk": 1, 
    "model": "deviceapp.answer", 
    "fields": {
    	"question": 1, 
    	"answer": "I do have a carry case that you can use, although it was from the manufacturer so it may be time to upgrade it", 
    	"date" : "2013-11-01"
    }
},
{
    "pk": 2, 
    "model": "deviceapp.question", 
    "fields": {
    	"user": 1, 
    	"question": "Can you explain what you mean by the wire being 'flimsy'?", 
    	"item":9,
    	"date" : "2013-11-01"
    }
},
{
    "pk": 2, 
    "model": "deviceapp.answer", 
    "fields": {
    	"question": 2, 
    	"answer": "It occasionally needs to be jiggled for the cable to work, but it does not affect the performance", 
    	"date" : "2013-11-01"
    }
}
]