[
{"pk": 1, "model": "deviceapp.manufacturer", "fields": {"displayname": "3M", "name": "3m"}},{"pk": 2, "model": "deviceapp.manufacturer", "fields": {"displayname": "Abaxis", "name": "abaxis"}},{"pk": 3, "model": "deviceapp.manufacturer", "fields": {"displayname": "Accutome", "name": "accutome"}},{"pk": 4, "model": "deviceapp.manufacturer", "fields": {"displayname": "Advanced Monitors", "name": "advancedmonitors"}},{"pk": 5, "model": "deviceapp.manufacturer", "fields": {"displayname": "AGFA", "name": "agfa"}},{"pk": 6, "model": "deviceapp.manufacturer", "fields": {"displayname": "Agri-Pro", "name": "agripro"}},{"pk": 7, "model": "deviceapp.manufacturer", "fields": {"displayname": "AirSep", "name": "airsep"}},{"pk": 8, "model": "deviceapp.manufacturer", "fields": {"displayname": "Alivecor", "name": "alivecor"}},{"pk": 9, "model": "deviceapp.manufacturer", "fields": {"displayname": "Anderson", "name": "anderson"}},{"pk": 10, "model": "deviceapp.manufacturer", "fields": {"displayname": "Andis", "name": "andis"}},{"pk": 11, "model": "deviceapp.manufacturer", "fields": {"displayname": "Bar-Ray", "name": "barray"}},{"pk": 12, "model": "deviceapp.manufacturer", "fields": {"displayname": "BDP", "name": "bdp"}},{"pk": 13, "model": "deviceapp.manufacturer", "fields": {"displayname": "Bergen", "name": "bergen"}},{"pk": 14, "model": "deviceapp.manufacturer", "fields": {"displayname": "Bickford", "name": "bickford"}},{"pk": 15, "model": "deviceapp.manufacturer", "fields": {"displayname": "Bovie", "name": "bovie"}},{"pk": 16, "model": "deviceapp.manufacturer", "fields": {"displayname": "Burton", "name": "burton"}},{"pk": 17, "model": "deviceapp.manufacturer", "fields": {"displayname": "Capps", "name": "capps"}},{"pk": 18, "model": "deviceapp.manufacturer", "fields": {"displayname": "Clinton Ind", "name": "clintonind"}},{"pk": 19, "model": "deviceapp.manufacturer", "fields": {"displayname": "Clipper Distributing Co", "name": "clipperdistributingco"}},{"pk": 20, "model": "deviceapp.manufacturer", "fields": {"displayname": "Covidien", "name": "covidien"}},{"pk": 21, "model": "deviceapp.manufacturer", "fields": {"displayname": "Cubex", "name": "cubex"}},{"pk": 22, "model": "deviceapp.manufacturer", "fields": {"displayname": "Delmarva", "name": "delmarva"}},{"pk": 23, "model": "deviceapp.manufacturer", "fields": {"displayname": "Dentalaire", "name": "dentalaire"}},{"pk": 24, "model": "deviceapp.manufacturer", "fields": {"displayname": "Digicare", "name": "digicare"}},{"pk": 25, "model": "deviceapp.manufacturer", "fields": {"displayname": "Double K", "name": "doublek"}},{"pk": 26, "model": "deviceapp.manufacturer", "fields": {"displayname": "Dynax", "name": "dynax"}},{"pk": 27, "model": "deviceapp.manufacturer", "fields": {"displayname": "Edemco", "name": "edemco"}},{"pk": 28, "model": "deviceapp.manufacturer", "fields": {"displayname": "E-Jay International", "name": "ejayinternational"}},{"pk": 29, "model": "deviceapp.manufacturer", "fields": {"displayname": "Ellman", "name": "ellman"}},{"pk": 30, "model": "deviceapp.manufacturer", "fields": {"displayname": "EMS Products", "name": "emsproducts"}},{"pk": 31, "model": "deviceapp.manufacturer", "fields": {"displayname": "Engler", "name": "engler"}},{"pk": 32, "model": "deviceapp.manufacturer", "fields": {"displayname": "Fisher", "name": "fisher"}},{"pk": 33, "model": "deviceapp.manufacturer", "fields": {"displayname": "Four Flags over Aspen", "name": "fourflagsoveraspen"}},{"pk": 34, "model": "deviceapp.manufacturer", "fields": {"displayname": "Game Ready", "name": "gameready"}},{"pk": 35, "model": "deviceapp.manufacturer", "fields": {"displayname": "Gaymar", "name": "gaymar"}},{"pk": 36, "model": "deviceapp.manufacturer", "fields": {"displayname": "H and O Equipment", "name": "handoequipment"}},{"pk": 37, "model": "deviceapp.manufacturer", "fields": {"displayname": "H20 for Fitness", "name": "h20forfitness"}},{"pk": 38, "model": "deviceapp.manufacturer", "fields": {"displayname": "Health-O-Meter", "name": "healthometer"}},{"pk": 39, "model": "deviceapp.manufacturer", "fields": {"displayname": "Heska", "name": "heska"}},{"pk": 40, "model": "deviceapp.manufacturer", "fields": {"displayname": "Hug-U-Vac", "name": "huguvac"}},{"pk": 41, "model": "deviceapp.manufacturer", "fields": {"displayname": "IDEXX", "name": "idexx"}},{"pk": 42, "model": "deviceapp.manufacturer", "fields": {"displayname": "ImageWorks", "name": "imageworks"}},{"pk": 43, "model": "deviceapp.manufacturer", "fields": {"displayname": "Integra Miltex", "name": "integramiltex"}},{"pk": 44, "model": "deviceapp.manufacturer", "fields": {"displayname": "Integrated Rental Services", "name": "integratedrentalservices"}},{"pk": 45, "model": "deviceapp.manufacturer", "fields": {"displayname": "Jorgensen", "name": "jorgensen"}},{"pk": 46, "model": "deviceapp.manufacturer", "fields": {"displayname": "K Laser", "name": "klaser"}},{"pk": 47, "model": "deviceapp.manufacturer", "fields": {"displayname": "Kacey Inc", "name": "kaceyinc"}},{"pk": 48, "model": "deviceapp.manufacturer", "fields": {"displayname": "KVP", "name": "kvp"}},{"pk": 49, "model": "deviceapp.manufacturer", "fields": {"displayname": "Laube", "name": "laube"}},{"pk": 50, "model": "deviceapp.manufacturer", "fields": {"displayname": "Lyon", "name": "lyon"}},{"pk": 51, "model": "deviceapp.manufacturer", "fields": {"displayname": "MAI", "name": "mai"}},{"pk": 52, "model": "deviceapp.manufacturer", "fields": {"displayname": "Masimo", "name": "masimo"}},{"pk": 53, "model": "deviceapp.manufacturer", "fields": {"displayname": "Matrx", "name": "matrx"}},{"pk": 54, "model": "deviceapp.manufacturer", "fields": {"displayname": "Med Illum", "name": "medillum"}},{"pk": 55, "model": "deviceapp.manufacturer", "fields": {"displayname": "Medicatech USA", "name": "medicatechusa"}},{"pk": 56, "model": "deviceapp.manufacturer", "fields": {"displayname": "Medline", "name": "medline"}},{"pk": 57, "model": "deviceapp.manufacturer", "fields": {"displayname": "Midmark", "name": "midmark"}},{"pk": 58, "model": "deviceapp.manufacturer", "fields": {"displayname": "Midmark/DB7", "name": "midmarkdb7"}},{"pk": 59, "model": "deviceapp.manufacturer", "fields": {"displayname": "Midmark/Matrx", "name": "midmarkmatrx"}},{"pk": 60, "model": "deviceapp.manufacturer", "fields": {"displayname": "Min Xray", "name": "minxray"}},{"pk": 61, "model": "deviceapp.manufacturer", "fields": {"displayname": "MinX-ray/Vedco", "name": "minxrayvedco"}},{"pk": 62, "model": "deviceapp.manufacturer", "fields": {"displayname": "N/A", "name": "na"}},{"pk": 63, "model": "deviceapp.manufacturer", "fields": {"displayname": "National", "name": "national"}},{"pk": 64, "model": "deviceapp.manufacturer", "fields": {"displayname": "Nellcor", "name": "nellcor"}},{"pk": 65, "model": "deviceapp.manufacturer", "fields": {"displayname": "Neogen", "name": "neogen"}},{"pk": 66, "model": "deviceapp.manufacturer", "fields": {"displayname": "Nihon Kohden", "name": "nihonkohden"}},{"pk": 67, "model": "deviceapp.manufacturer", "fields": {"displayname": "Nikon", "name": "nikon"}},{"pk": 68, "model": "deviceapp.manufacturer", "fields": {"displayname": "Nonin", "name": "nonin"}},{"pk": 69, "model": "deviceapp.manufacturer", "fields": {"displayname": "Northwest Scale", "name": "northwestscale"}},{"pk": 70, "model": "deviceapp.manufacturer", "fields": {"displayname": "Olympic Veterinary", "name": "olympicveterinary"}},{"pk": 71, "model": "deviceapp.manufacturer", "fields": {"displayname": "OrthoPets", "name": "orthopets"}},{"pk": 72, "model": "deviceapp.manufacturer", "fields": {"displayname": "Oster", "name": "oster"}},{"pk": 73, "model": "deviceapp.manufacturer", "fields": {"displayname": "Pedigo", "name": "pedigo"}},{"pk": 74, "model": "deviceapp.manufacturer", "fields": {"displayname": "Performance Fabrics", "name": "performancefabrics"}},{"pk": 75, "model": "deviceapp.manufacturer", "fields": {"displayname": "Radiation Concepts", "name": "radiationconcepts"}},{"pk": 76, "model": "deviceapp.manufacturer", "fields": {"displayname": "Rena's", "name": "rena's"}},{"pk": 77, "model": "deviceapp.manufacturer", "fields": {"displayname": "Rx Count", "name": "rxcount"}},{"pk": 78, "model": "deviceapp.manufacturer", "fields": {"displayname": "Schuco", "name": "schuco"}},{"pk": 79, "model": "deviceapp.manufacturer", "fields": {"displayname": "Securos", "name": "securos"}},{"pk": 80, "model": "deviceapp.manufacturer", "fields": {"displayname": "Sedecal", "name": "sedecal"}},{"pk": 81, "model": "deviceapp.manufacturer", "fields": {"displayname": "Sharn", "name": "sharn"}},{"pk": 82, "model": "deviceapp.manufacturer", "fields": {"displayname": "Shielding Int", "name": "shieldingint"}},{"pk": 83, "model": "deviceapp.manufacturer", "fields": {"displayname": "Snyder Mfg", "name": "snydermfg"}},{"pk": 84, "model": "deviceapp.manufacturer", "fields": {"displayname": "Spectronics", "name": "spectronics"}},{"pk": 85, "model": "deviceapp.manufacturer", "fields": {"displayname": "Stat Spin", "name": "statspin"}},{"pk": 86, "model": "deviceapp.manufacturer", "fields": {"displayname": "Summit Hill", "name": "summithill"}},{"pk": 87, "model": "deviceapp.manufacturer", "fields": {"displayname": "SurgiVet", "name": "surgivet"}},{"pk": 88, "model": "deviceapp.manufacturer", "fields": {"displayname": "Swift", "name": "swift"}},{"pk": 89, "model": "deviceapp.manufacturer", "fields": {"displayname": "Treasure Valley X-Ray", "name": "treasurevalleyxray"}},{"pk": 90, "model": "deviceapp.manufacturer", "fields": {"displayname": "Triumph Medical Services", "name": "triumphmedicalservices"}},{"pk": 91, "model": "deviceapp.manufacturer", "fields": {"displayname": "Tuttnauer", "name": "tuttnauer"}},{"pk": 92, "model": "deviceapp.manufacturer", "fields": {"displayname": "Unico", "name": "unico"}},{"pk": 93, "model": "deviceapp.manufacturer", "fields": {"displayname": "Unico/VetOne", "name": "unicovetone"}},{"pk": 94, "model": "deviceapp.manufacturer", "fields": {"displayname": "United Rad", "name": "unitedrad"}},{"pk": 95, "model": "deviceapp.manufacturer", "fields": {"displayname": "Universal Imaging Inc", "name": "universalimaginginc"}},{"pk": 96, "model": "deviceapp.manufacturer", "fields": {"displayname": "Vedco", "name": "vedco"}},{"pk": 97, "model": "deviceapp.manufacturer", "fields": {"displayname": "Vetland", "name": "vetland"}},{"pk": 98, "model": "deviceapp.manufacturer", "fields": {"displayname": "VetOne", "name": "vetone"}},{"pk": 99, "model": "deviceapp.manufacturer", "fields": {"displayname": "VetOne/Securos", "name": "vetonesecuros"}},{"pk": 100, "model": "deviceapp.manufacturer", "fields": {"displayname": "VetOne/Unico", "name": "vetoneunico"}},{"pk": 101, "model": "deviceapp.manufacturer", "fields": {"displayname": "VMed Technology/EMS Products", "name": "vmedtechnologyemsproducts"}},{"pk": 102, "model": "deviceapp.manufacturer", "fields": {"displayname": "VSSI", "name": "vssi"}},{"pk": 103, "model": "deviceapp.manufacturer", "fields": {"displayname": "Wahl", "name": "wahl"}},{"pk": 104, "model": "deviceapp.manufacturer", "fields": {"displayname": "Welch Allyn", "name": "welchallyn"}},{"pk": 105, "model": "deviceapp.manufacturer", "fields": {"displayname": "Wolf X-Ray Corp", "name": "wolfxraycorp"}},
{"pk": 1,"model": "deviceapp.industry","fields": {"name": "veterinary","displayname" : "Veterinary" }},

{"pk": "1", "model": "deviceapp.category", "fields": {"industry": 1, "displayname": "Anesthesia", "name": "anesthesia", "totalunits": 0}},
{"pk": "2", "model": "deviceapp.category", "fields": {"industry": 1, "displayname": "Aspirators", "name": "aspirators", "totalunits": 0}},
{"pk": "3", "model": "deviceapp.category", "fields": {"industry": 1, "displayname": "Boarding and Holding", "name": "boardingandholding", "totalunits": 0}},
{"pk": "4", "model": "deviceapp.category", "fields": {"industry": 1, "displayname": "Critical Care and Recovery", "name": "criticalcareandrecovery", "totalunits": 0}},
{"pk": "1", "model": "deviceapp.subcategory", "fields": {"category": [1,2], "displayname": "Small Animal Mobile", "name": "smallanimalmobile", "totalunits": 0}},
{"pk": "2", "model": "deviceapp.subcategory", "fields": {"category": [2,3,4], "displayname": "Small Animal Tabletop", "name": "smallanimaltabletop", "totalunits": 0}},
{"pk": "3", "model": "deviceapp.subcategory", "fields": {"category": [1,3,4], "displayname": "Small Animal Research", "name": "smallanimalresearch", "totalunits": 0}},
{"pk": "4", "model": "deviceapp.subcategory", "fields": {"category": [4], "displayname": "Induction Chamber", "name": "inductionchamber", "totalunits": 0}},
{"pk": "5", "model": "deviceapp.subcategory", "fields": {"category": [2], "displayname": "Ventilators", "name": "ventilators", "totalunits": 0}},
{"pk": "6", "model": "deviceapp.subcategory", "fields": {"category": [1], "displayname": "Cuff Safe", "name": "cuffsafe", "totalunits": 0}},
{
    "pk": 1, 
    "model": "auth.user", 
    "fields": {
        "username": "a", 
        "first_name": "", 
        "last_name": "", 
        "is_active": true, 
        "is_superuser": true, 
        "is_staff": true, 
        "last_login": "2013-10-28T04:37:02.515Z", 
        "groups": [], 
        "user_permissions": [], 
        "password": "pbkdf2_sha256$10000$xSO9oRFz88LQ$XGNybzF63vtLfbJllBzLt6hfO0tTY2W3BXaln8ncgBM=", 
        "email": "a@a.com", 
        "date_joined": "2013-10-28T04:36:12.295Z"
    }
},
{
    "pk": 2, 
    "model": "auth.user", 
    "fields": {
        "username": "brooke@aim.com", 
        "first_name": "", 
        "last_name": "", 
        "is_active": true, 
        "is_superuser": false, 
        "is_staff": false, 
        "last_login": "2013-10-28T04:37:27.969Z", 
        "groups": [], 
        "user_permissions": [], 
        "password": "pbkdf2_sha256$10000$baG2jbKu2fmr$GQMak8dwaoerfKjoVBxom27VVhAlm5IAOlcE5wW1fQw=", 
        "email": "brooke@aim.com", 
        "date_joined": "2013-10-28T04:37:27.969Z"
    }
},
{
	"pk": 1,
	"model": "deviceapp.basicuser",
	"fields": {
		"user":2,
		"businesstype": "individual",
		"name": "Brooke Johnson",
		"company" : "Colts Neck Equine",
		"email":"brooke@aim.com",
		"address":"1 main street",
		"zipcode": "07722" ,
		"city":"Colts Neck",
		"state":"NJ",
		"website":"www.test.com",
		"phonenumber":"732-547-4516"
	}
},
{
    "pk": 3, 
    "model": "auth.user", 
    "fields": {
        "username": "mike@aim.com", 
        "first_name": "", 
        "last_name": "", 
        "is_active": true, 
        "is_superuser": false, 
        "is_staff": false, 
        "last_login": "2013-10-28T04:37:27.969Z", 
        "groups": [], 
        "user_permissions": [], 
        "password": "pbkdf2_sha256$10000$baG2jbKu2fmr$GQMak8dwaoerfKjoVBxom27VVhAlm5IAOlcE5wW1fQw=", 
        "email": "brooke@aim.com", 
        "date_joined": "2013-10-28T04:37:27.969Z"
    }
},
{
	"pk": 2,
	"model": "deviceapp.basicuser",
	"fields": {
		"user":3,
		"businesstype": "individual",
		"name": "Mike Rogers",
		"company" : "Colts Neck Equine",
		"email":"mike@aim.com",
		"address":"1 main street",
		"zipcode": "02215" ,
		"city":"Boston",
		"state":"MA",
		"website":"www.test.com",
		"phonenumber":"732-547-4516"
	}
},
{
    "pk": 4, 
    "model": "auth.user", 
    "fields": {
        "username": "bob@aim.com", 
        "first_name": "", 
        "last_name": "", 
        "is_active": true, 
        "is_superuser": false, 
        "is_staff": false, 
        "last_login": "2013-10-28T04:37:27.969Z", 
        "groups": [], 
        "user_permissions": [], 
        "password": "pbkdf2_sha256$10000$baG2jbKu2fmr$GQMak8dwaoerfKjoVBxom27VVhAlm5IAOlcE5wW1fQw=", 
        "email": "brooke@aim.com", 
        "date_joined": "2013-10-28T04:37:27.969Z"
    }
},
{
	"pk": 3,
	"model": "deviceapp.basicuser",
	"fields": {
		"user":4,
		"businesstype": "individual",
		"name": "Bob Rogers",
		"company" : "Colts Neck Equine",
		"email":"bob@aim.com",
		"address":"1 main street",
		"zipcode": "12345" ,
		"city":"Schenectedy",
		"state":"NY",
		"website":"www.test.com",
		"phonenumber":"732-547-4516"
	}
},
{
    "pk": 1, 
    "model": "deviceapp.item", 
    "fields": {
    	"user": 3, 
    	"name": "XT450 Power UltraSound Machine 1", 
    	"subcategory": 1,
    	"manufacturer" : "Fuji",
    	"serialno":"542523519864",
    	"modelyear":2001,
    	"conditiontype": "preowned", 
    	"contract": "none",
    	"conditionquality": 2,
    	"conditiondescription":"This product was mainly used in mobile veterinary trucks and carried from farm to farm. There are a couple scratches on the machine but otherwise it is in great working order",
    	"productdescription": "The New Fazone CB Ultrasound with Zone Sonography Technology. Anytime, anywhere 'CB' usability is stress free and easy, regardless of place or occasion. This elegant, ultra high quality ultrasound easily moves from the exam room to your vehicle bringing all aspects of FujiFilms' attention to detail along with it. Features include a full screen, 12-inch LCD monitor, instant one touch image optimization, intuitive operation with keys grouped by functionality, fast boot-up time, easy on and off cart capability, and stylish compact design",
        "shippingincluded" : true,
        "originalowner":true,
        "price": 4430,
        "liststatus": "active",
        "liststage":0,
        "savedcount" : 2,
        "listeddate" : "2013-11-01"
    }
},
{
    "pk": 2, 
    "model": "deviceapp.item", 
    "fields": {
    	"user": 3, 
    	"name": "XT450 Power UltraSound Machine 2", 
    	"subcategory": 2,
    	"manufacturer" : "Fuji",
    	"serialno":"542523519864",
    	"modelyear":2001,
    	"conditiontype": "preowned", 
    	"contract": "none",
    	"conditionquality": 2,
    	"conditiondescription":"This product was mainly used in mobile veterinary trucks and carried from farm to farm. There are a couple scratches on the machine but otherwise it is in great working order",
    	"productdescription": "The New Fazone CB Ultrasound with Zone Sonography Technology. Anytime, anywhere 'CB' usability is stress free and easy, regardless of place or occasion. This elegant, ultra high quality ultrasound easily moves from the exam room to your vehicle bringing all aspects of FujiFilms' attention to detail along with it. Features include a full screen, 12-inch LCD monitor, instant one touch image optimization, intuitive operation with keys grouped by functionality, fast boot-up time, easy on and off cart capability, and stylish compact design",
        "shippingincluded" : true,
        "originalowner":true,
        "price": 4430,
        "liststatus": "active",
        "liststage":0,
        "savedcount" : 2,
        "listeddate" : "2013-11-01"
    }
},
{
    "pk": 3, 
    "model": "deviceapp.item", 
    "fields": {
    	"user": 3, 
    	"name": "XT450 Power UltraSound Machine 3", 
    	"subcategory": 3,
    	"manufacturer" : "Fuji",
    	"serialno":"542523519864",
    	"modelyear":2001,
    	"conditiontype": "preowned", 
    	"contract": "none",
    	"conditionquality": 2,
    	"conditiondescription":"This product was mainly used in mobile veterinary trucks and carried from farm to farm. There are a couple scratches on the machine but otherwise it is in great working order",
    	"productdescription": "The New Fazone CB Ultrasound with Zone Sonography Technology. Anytime, anywhere 'CB' usability is stress free and easy, regardless of place or occasion. This elegant, ultra high quality ultrasound easily moves from the exam room to your vehicle bringing all aspects of FujiFilms' attention to detail along with it. Features include a full screen, 12-inch LCD monitor, instant one touch image optimization, intuitive operation with keys grouped by functionality, fast boot-up time, easy on and off cart capability, and stylish compact design",
        "shippingincluded" : true,
        "originalowner":true,
        "price": 4430,
        "liststatus": "active",
        "liststage":0,
        "savedcount" : 2,
        "listeddate" : "2013-11-01"
    }
}
]
