[
{"pk": 1, "model": "listing.manufacturer", "fields": {"displayname": "3M", "name": "3m"}},{"pk": 2, "model": "listing.manufacturer", "fields": {"displayname": "Abaxis", "name": "abaxis"}},{"pk": 3, "model": "listing.manufacturer", "fields": {"displayname": "Accutome", "name": "accutome"}},{"pk": 4, "model": "listing.manufacturer", "fields": {"displayname": "Advanced Monitors", "name": "advancedmonitors"}},{"pk": 5, "model": "listing.manufacturer", "fields": {"displayname": "AGFA", "name": "agfa"}},{"pk": 6, "model": "listing.manufacturer", "fields": {"displayname": "Agri-Pro", "name": "agripro"}},{"pk": 7, "model": "listing.manufacturer", "fields": {"displayname": "AirSep", "name": "airsep"}},{"pk": 8, "model": "listing.manufacturer", "fields": {"displayname": "Alivecor", "name": "alivecor"}},{"pk": 9, "model": "listing.manufacturer", "fields": {"displayname": "Anderson", "name": "anderson"}},{"pk": 10, "model": "listing.manufacturer", "fields": {"displayname": "Andis", "name": "andis"}},{"pk": 11, "model": "listing.manufacturer", "fields": {"displayname": "Bar-Ray", "name": "barray"}},{"pk": 12, "model": "listing.manufacturer", "fields": {"displayname": "BDP", "name": "bdp"}},{"pk": 13, "model": "listing.manufacturer", "fields": {"displayname": "Bergen", "name": "bergen"}},{"pk": 14, "model": "listing.manufacturer", "fields": {"displayname": "Bickford", "name": "bickford"}},{"pk": 15, "model": "listing.manufacturer", "fields": {"displayname": "Bovie", "name": "bovie"}},{"pk": 16, "model": "listing.manufacturer", "fields": {"displayname": "Burton", "name": "burton"}},{"pk": 17, "model": "listing.manufacturer", "fields": {"displayname": "Capps", "name": "capps"}},{"pk": 18, "model": "listing.manufacturer", "fields": {"displayname": "Clinton Ind", "name": "clintonind"}},{"pk": 19, "model": "listing.manufacturer", "fields": {"displayname": "Clipper Distributing Co", "name": "clipperdistributingco"}},{"pk": 20, "model": "listing.manufacturer", "fields": {"displayname": "Covidien", "name": "covidien"}},{"pk": 21, "model": "listing.manufacturer", "fields": {"displayname": "Cubex", "name": "cubex"}},{"pk": 22, "model": "listing.manufacturer", "fields": {"displayname": "Delmarva", "name": "delmarva"}},{"pk": 23, "model": "listing.manufacturer", "fields": {"displayname": "Dentalaire", "name": "dentalaire"}},{"pk": 24, "model": "listing.manufacturer", "fields": {"displayname": "Digicare", "name": "digicare"}},{"pk": 25, "model": "listing.manufacturer", "fields": {"displayname": "Double K", "name": "doublek"}},{"pk": 26, "model": "listing.manufacturer", "fields": {"displayname": "Dynax", "name": "dynax"}},{"pk": 27, "model": "listing.manufacturer", "fields": {"displayname": "Edemco", "name": "edemco"}},{"pk": 28, "model": "listing.manufacturer", "fields": {"displayname": "E-Jay International", "name": "ejayinternational"}},{"pk": 29, "model": "listing.manufacturer", "fields": {"displayname": "Ellman", "name": "ellman"}},{"pk": 30, "model": "listing.manufacturer", "fields": {"displayname": "EMS Products", "name": "emsproducts"}},{"pk": 31, "model": "listing.manufacturer", "fields": {"displayname": "Engler", "name": "engler"}},{"pk": 32, "model": "listing.manufacturer", "fields": {"displayname": "Fisher", "name": "fisher"}},{"pk": 33, "model": "listing.manufacturer", "fields": {"displayname": "Four Flags over Aspen", "name": "fourflagsoveraspen"}},{"pk": 34, "model": "listing.manufacturer", "fields": {"displayname": "Game Ready", "name": "gameready"}},{"pk": 35, "model": "listing.manufacturer", "fields": {"displayname": "Gaymar", "name": "gaymar"}},{"pk": 36, "model": "listing.manufacturer", "fields": {"displayname": "H and O Equipment", "name": "handoequipment"}},{"pk": 37, "model": "listing.manufacturer", "fields": {"displayname": "H20 for Fitness", "name": "h20forfitness"}},{"pk": 38, "model": "listing.manufacturer", "fields": {"displayname": "Health-O-Meter", "name": "healthometer"}},{"pk": 39, "model": "listing.manufacturer", "fields": {"displayname": "Heska", "name": "heska"}},{"pk": 40, "model": "listing.manufacturer", "fields": {"displayname": "Hug-U-Vac", "name": "huguvac"}},{"pk": 41, "model": "listing.manufacturer", "fields": {"displayname": "IDEXX", "name": "idexx"}},{"pk": 42, "model": "listing.manufacturer", "fields": {"displayname": "ImageWorks", "name": "imageworks"}},{"pk": 43, "model": "listing.manufacturer", "fields": {"displayname": "Integra Miltex", "name": "integramiltex"}},{"pk": 44, "model": "listing.manufacturer", "fields": {"displayname": "Integrated Rental Services", "name": "integratedrentalservices"}},{"pk": 45, "model": "listing.manufacturer", "fields": {"displayname": "Jorgensen", "name": "jorgensen"}},{"pk": 46, "model": "listing.manufacturer", "fields": {"displayname": "K Laser", "name": "klaser"}},{"pk": 47, "model": "listing.manufacturer", "fields": {"displayname": "Kacey Inc", "name": "kaceyinc"}},{"pk": 48, "model": "listing.manufacturer", "fields": {"displayname": "KVP", "name": "kvp"}},{"pk": 49, "model": "listing.manufacturer", "fields": {"displayname": "Laube", "name": "laube"}},{"pk": 50, "model": "listing.manufacturer", "fields": {"displayname": "Lyon", "name": "lyon"}},{"pk": 51, "model": "listing.manufacturer", "fields": {"displayname": "MAI", "name": "mai"}},{"pk": 52, "model": "listing.manufacturer", "fields": {"displayname": "Masimo", "name": "masimo"}},{"pk": 53, "model": "listing.manufacturer", "fields": {"displayname": "Matrx", "name": "matrx"}},{"pk": 54, "model": "listing.manufacturer", "fields": {"displayname": "Med Illum", "name": "medillum"}},{"pk": 55, "model": "listing.manufacturer", "fields": {"displayname": "Medicatech USA", "name": "medicatechusa"}},{"pk": 56, "model": "listing.manufacturer", "fields": {"displayname": "Medline", "name": "medline"}},{"pk": 57, "model": "listing.manufacturer", "fields": {"displayname": "Midmark", "name": "midmark"}},{"pk": 58, "model": "listing.manufacturer", "fields": {"displayname": "Midmark/DB7", "name": "midmarkdb7"}},{"pk": 59, "model": "listing.manufacturer", "fields": {"displayname": "Midmark/Matrx", "name": "midmarkmatrx"}},{"pk": 60, "model": "listing.manufacturer", "fields": {"displayname": "Min Xray", "name": "minxray"}},{"pk": 61, "model": "listing.manufacturer", "fields": {"displayname": "MinX-ray/Vedco", "name": "minxrayvedco"}},{"pk": 62, "model": "listing.manufacturer", "fields": {"displayname": "N/A", "name": "na"}},{"pk": 63, "model": "listing.manufacturer", "fields": {"displayname": "National", "name": "national"}},{"pk": 64, "model": "listing.manufacturer", "fields": {"displayname": "Nellcor", "name": "nellcor"}},{"pk": 65, "model": "listing.manufacturer", "fields": {"displayname": "Neogen", "name": "neogen"}},{"pk": 66, "model": "listing.manufacturer", "fields": {"displayname": "Nihon Kohden", "name": "nihonkohden"}},{"pk": 67, "model": "listing.manufacturer", "fields": {"displayname": "Nikon", "name": "nikon"}},{"pk": 68, "model": "listing.manufacturer", "fields": {"displayname": "Nonin", "name": "nonin"}},{"pk": 69, "model": "listing.manufacturer", "fields": {"displayname": "Northwest Scale", "name": "northwestscale"}},{"pk": 70, "model": "listing.manufacturer", "fields": {"displayname": "Olympic Veterinary", "name": "olympicveterinary"}},{"pk": 71, "model": "listing.manufacturer", "fields": {"displayname": "OrthoPets", "name": "orthopets"}},{"pk": 72, "model": "listing.manufacturer", "fields": {"displayname": "Oster", "name": "oster"}},{"pk": 73, "model": "listing.manufacturer", "fields": {"displayname": "Pedigo", "name": "pedigo"}},{"pk": 74, "model": "listing.manufacturer", "fields": {"displayname": "Performance Fabrics", "name": "performancefabrics"}},{"pk": 75, "model": "listing.manufacturer", "fields": {"displayname": "Radiation Concepts", "name": "radiationconcepts"}},{"pk": 76, "model": "listing.manufacturer", "fields": {"displayname": "Rena's", "name": "rena's"}},{"pk": 77, "model": "listing.manufacturer", "fields": {"displayname": "Rx Count", "name": "rxcount"}},{"pk": 78, "model": "listing.manufacturer", "fields": {"displayname": "Schuco", "name": "schuco"}},{"pk": 79, "model": "listing.manufacturer", "fields": {"displayname": "Securos", "name": "securos"}},{"pk": 80, "model": "listing.manufacturer", "fields": {"displayname": "Sedecal", "name": "sedecal"}},{"pk": 81, "model": "listing.manufacturer", "fields": {"displayname": "Sharn", "name": "sharn"}},{"pk": 82, "model": "listing.manufacturer", "fields": {"displayname": "Shielding Int", "name": "shieldingint"}},{"pk": 83, "model": "listing.manufacturer", "fields": {"displayname": "Snyder Mfg", "name": "snydermfg"}},{"pk": 84, "model": "listing.manufacturer", "fields": {"displayname": "Spectronics", "name": "spectronics"}},{"pk": 85, "model": "listing.manufacturer", "fields": {"displayname": "Stat Spin", "name": "statspin"}},{"pk": 86, "model": "listing.manufacturer", "fields": {"displayname": "Summit Hill", "name": "summithill"}},{"pk": 87, "model": "listing.manufacturer", "fields": {"displayname": "SurgiVet", "name": "surgivet"}},{"pk": 88, "model": "listing.manufacturer", "fields": {"displayname": "Swift", "name": "swift"}},{"pk": 89, "model": "listing.manufacturer", "fields": {"displayname": "Treasure Valley X-Ray", "name": "treasurevalleyxray"}},{"pk": 90, "model": "listing.manufacturer", "fields": {"displayname": "Triumph Medical Services", "name": "triumphmedicalservices"}},{"pk": 91, "model": "listing.manufacturer", "fields": {"displayname": "Tuttnauer", "name": "tuttnauer"}},{"pk": 92, "model": "listing.manufacturer", "fields": {"displayname": "Unico", "name": "unico"}},{"pk": 93, "model": "listing.manufacturer", "fields": {"displayname": "Unico/VetOne", "name": "unicovetone"}},{"pk": 94, "model": "listing.manufacturer", "fields": {"displayname": "United Rad", "name": "unitedrad"}},{"pk": 95, "model": "listing.manufacturer", "fields": {"displayname": "Universal Imaging Inc", "name": "universalimaginginc"}},{"pk": 96, "model": "listing.manufacturer", "fields": {"displayname": "Vedco", "name": "vedco"}},{"pk": 97, "model": "listing.manufacturer", "fields": {"displayname": "Vetland", "name": "vetland"}},{"pk": 98, "model": "listing.manufacturer", "fields": {"displayname": "VetOne", "name": "vetone"}},{"pk": 99, "model": "listing.manufacturer", "fields": {"displayname": "VetOne/Securos", "name": "vetonesecuros"}},{"pk": 100, "model": "listing.manufacturer", "fields": {"displayname": "VetOne/Unico", "name": "vetoneunico"}},{"pk": 101, "model": "listing.manufacturer", "fields": {"displayname": "VMed Technology/EMS Products", "name": "vmedtechnologyemsproducts"}},{"pk": 102, "model": "listing.manufacturer", "fields": {"displayname": "VSSI", "name": "vssi"}},{"pk": 103, "model": "listing.manufacturer", "fields": {"displayname": "Wahl", "name": "wahl"}},{"pk": 104, "model": "listing.manufacturer", "fields": {"displayname": "Welch Allyn", "name": "welchallyn"}},{"pk": 105, "model": "listing.manufacturer", "fields": {"displayname": "Wolf X-Ray Corp", "name": "wolfxraycorp"}},
{"pk": 1, "model": "listing.industry", "fields": {"displayname": "Veterinary", "name": "veterinary"}},
{"pk": 35, "model": "listing.category", "fields": {"industry": 1, "displayname": "Therapy and Rehabilitation", "name": "therapyandrehabilitation", "totalunits": 0}},
{"pk": 19, "model": "listing.category", "fields": {"industry": 1, "displayname": "Miscellaneous Equipment and Supplies", "name": "miscellaneousequipmentandsupplies", "totalunits": 0}},
{"pk": 20, "model": "listing.category", "fields": {"industry": 1, "displayname": "Monitors", "name": "monitors", "totalunits": 0}},
{"pk": 21, "model": "listing.category", "fields": {"industry": 1, "displayname": "MRI Compatible", "name": "mricompatible", "totalunits": 0}},
{"pk": 22, "model": "listing.category", "fields": {"industry": 1, "displayname": "Narcotic Safes", "name": "narcoticsafes", "totalunits": 0}},
{"pk": 15, "model": "listing.category", "fields": {"industry": 1, "displayname": "Grooming", "name": "grooming", "totalunits": 0}},
{"pk": 16, "model": "listing.category", "fields": {"industry": 1, "displayname": "Laboratory", "name": "laboratory", "totalunits": 0}},
{"pk": 17, "model": "listing.category", "fields": {"industry": 1, "displayname": "Large Animal Specialty", "name": "largeanimalspecialty", "totalunits": 0}},
{"pk": 18, "model": "listing.category", "fields": {"industry": 1, "displayname": "Lighting", "name": "lighting", "totalunits": 0}},
{"pk": 37, "model": "listing.category", "fields": {"industry": 1, "displayname": "X Ray", "name": "xray", "totalunits": 0}},
{"pk": 36, "model": "listing.category", "fields": {"industry": 1, "displayname": "Ultrasound", "name": "ultrasound", "totalunits": 0}},
{"pk": 34, "model": "listing.category", "fields": {"industry": 1, "displayname": "Tables", "name": "tables", "totalunits": 0}},
{"pk": 11, "model": "listing.category", "fields": {"industry": 1, "displayname": "Endoscopy", "name": "endoscopy", "totalunits": 0}},
{"pk": 33, "model": "listing.category", "fields": {"industry": 1, "displayname": "Surgery and Surgical Instruments", "name": "surgeryandsurgicalinstruments", "totalunits": 0}},
{"pk": 1, "model": "listing.category", "fields": {"industry": 1, "displayname": "Anesthesia", "name": "anesthesia", "totalunits": 0}},
{"pk": 3, "model": "listing.category", "fields": {"industry": 1, "displayname": "Autoclaves, Sterilization and Instrument Care", "name": "autoclavessterilizationandinstrumentcare", "totalunits": 0}},
{"pk": 2, "model": "listing.category", "fields": {"industry": 1, "displayname": "Aspirators", "name": "aspirators", "totalunits": 0}},
{"pk": 4, "model": "listing.category", "fields": {"industry": 1, "displayname": "Cages, Boarding and Holding", "name": "cagesboardingandholding", "totalunits": 0}},
{"pk": 32, "model": "listing.category", "fields": {"industry": 1, "displayname": "Sinks and Tubs", "name": "sinksandtubs", "totalunits": 0}},
{"pk": 31, "model": "listing.category", "fields": {"industry": 1, "displayname": "Seating and chairs", "name": "seatingandchairs", "totalunits": 0}},
{"pk": 6, "model": "listing.category", "fields": {"industry": 1, "displayname": "Critical Care and Recovery", "name": "criticalcareandrecovery", "totalunits": 0}},
{"pk": 5, "model": "listing.category", "fields": {"industry": 1, "displayname": "Casework", "name": "casework", "totalunits": 0}},
{"pk": 8, "model": "listing.category", "fields": {"industry": 1, "displayname": "Diagnostic", "name": "diagnostic", "totalunits": 0}},
{"pk": 7, "model": "listing.category", "fields": {"industry": 1, "displayname": "Dental", "name": "dental", "totalunits": 0}},
{"pk": 10, "model": "listing.category", "fields": {"industry": 1, "displayname": "Emergency Equipment", "name": "emergencyequipment", "totalunits": 0}},
{"pk": 9, "model": "listing.category", "fields": {"industry": 1, "displayname": "Electrosurgery and Cryosurgery", "name": "electrosurgeryandcryosurgery", "totalunits": 0}},
{"pk": 12, "model": "listing.category", "fields": {"industry": 1, "displayname": "Equine specialty", "name": "equinespecialty", "totalunits": 0}},
{"pk": 14, "model": "listing.category", "fields": {"industry": 1, "displayname": "Fluid and Drug Administration", "name": "fluidanddrugadministration", "totalunits": 0}},
{"pk": 13, "model": "listing.category", "fields": {"industry": 1, "displayname": "Farrier Supplies", "name": "farriersupplies", "totalunits": 0}},
{"pk": 24, "model": "listing.category", "fields": {"industry": 1, "displayname": "Patient Warming", "name": "patientwarming", "totalunits": 0}},
{"pk": 23, "model": "listing.category", "fields": {"industry": 1, "displayname": "Patient Transport and Handling", "name": "patienttransportandhandling", "totalunits": 0}},
{"pk": 30, "model": "listing.category", "fields": {"industry": 1, "displayname": "Scales", "name": "scales", "totalunits": 0}},
{"pk": 29, "model": "listing.category", "fields": {"industry": 1, "displayname": "Reproduction", "name": "reproduction", "totalunits": 0}},
{"pk": 28, "model": "listing.category", "fields": {"industry": 1, "displayname": "Regenerative Medicine", "name": "regenerativemedicine", "totalunits": 0}},
{"pk": 27, "model": "listing.category", "fields": {"industry": 1, "displayname": "Protective Wear", "name": "protectivewear", "totalunits": 0}},
{"pk": 26, "model": "listing.category", "fields": {"industry": 1, "displayname": "Pharmacy Supplies and Management", "name": "pharmacysuppliesandmanagement", "totalunits": 0}},
{"pk": 25, "model": "listing.category", "fields": {"industry": 1, "displayname": "Pain Relief", "type":"pharma", "name": "painrelief", "totalunits": 0}},
{"pk": 1, "model": "listing.subcategory", "fields": {"category": [16], "totalunits": 0, "displayname": "Tube Rockers", "name": "tuberockers", "maincategory": 16}},
{"pk": 2, "model": "listing.subcategory", "fields": {"category": [18], "totalunits": 0, "displayname": "Woods Lights", "name": "woodslights", "maincategory": 18}},
{"pk": 3, "model": "listing.subcategory", "fields": {"category": [16], "totalunits": 0, "displayname": "Microscope Camera Systems", "name": "microscopecamerasystems", "maincategory": 16}},
{"pk": 4, "model": "listing.subcategory", "fields": {"category": [33], "totalunits": 0, "displayname": "Surgical insturments", "name": "surgicalinsturments", "maincategory": 33}},
{"pk": 5, "model": "listing.subcategory", "fields": {"category": [20], "totalunits": 0, "displayname": "Rolling Stands", "name": "rollingstands", "maincategory": 20}},
{"pk": 6, "model": "listing.subcategory", "fields": {"category": [34], "totalunits": 0, "displayname": "Surgery Tables", "name": "surgerytables", "maincategory": 34}},
{"pk": 7, "model": "listing.subcategory", "fields": {"category": [17], "totalunits": 0, "displayname": "Other Large Animal Specialty Equipment", "name": "otherlargeanimalspecialtyequipment", "maincategory": 17}},
{"pk": 8, "model": "listing.subcategory", "fields": {"category": [2], "totalunits": 0, "displayname": "Aspirator Handles and Hoses", "name": "aspiratorhandlesandhoses", "maincategory": 2}},
{"pk": 9, "model": "listing.subcategory", "fields": {"category": [12, 28], "totalunits": 0, "displayname": "IRAP system and supplies", "name": "irapsystemandsupplies", "maincategory": 12}},
{"pk": 10, "model": "listing.subcategory", "fields": {"category": [7], "totalunits": 0, "displayname": "Dental Stations", "name": "dentalstations", "maincategory": 7}},
{"pk": 11, "model": "listing.subcategory", "fields": {"category": [32], "totalunits": 0, "displayname": "Eye Wash Stations", "name": "eyewashstations", "maincategory": 32}},
{"pk": 12, "model": "listing.subcategory", "fields": {"category": [1], "totalunits": 0, "displayname": "Scavenging Systems", "name": "scavengingsystems", "maincategory": 1}},
{"pk": 13, "model": "listing.subcategory", "fields": {"category": [37], "totalunits": 0, "displayname": "X-Ray Illuminators and Lighting", "name": "xrayilluminatorsandlighting", "maincategory": 37}},
{"pk": 14, "model": "listing.subcategory", "fields": {"category": [7, 34], "totalunits": 0, "displayname": "Dental Tables", "name": "dentaltables", "maincategory": 7}},
{"pk": 15, "model": "listing.subcategory", "fields": {"category": [9], "totalunits": 0, "displayname": "Other Electrosurgical Equipment", "name": "otherelectrosurgicalequipment", "maincategory": 9}},
{"pk": 16, "model": "listing.subcategory", "fields": {"category": [16], "totalunits": 0, "displayname": "Hot Water Bath for Samples", "name": "hotwaterbathforsamples", "maincategory": 16}},
{"pk": 17, "model": "listing.subcategory", "fields": {"category": [8], "totalunits": 0, "displayname": "Dermascout", "name": "dermascout", "maincategory": 8}},
{"pk": 18, "model": "listing.subcategory", "fields": {"category": [14], "totalunits": 0, "displayname": "Syringe Pumps", "name": "syringepumps", "maincategory": 14}},
{"pk": 19, "model": "listing.subcategory", "fields": {"category": [16], "totalunits": 0, "displayname": "Other Lab Equipment", "name": "otherlabequipment", "maincategory": 16}},
{"pk": 20, "model": "listing.subcategory", "fields": {"category": [9], "totalunits": 0, "displayname": "Electrosurgery", "name": "electrosurgery", "maincategory": 9}},
{"pk": 21, "model": "listing.subcategory", "fields": {"category": [29], "totalunits": 0, "displayname": "Large Animal Reproduction Equipment", "name": "largeanimalreproductionequipment", "maincategory": 29}},
{"pk": 22, "model": "listing.subcategory", "fields": {"category": [8], "totalunits": 0, "displayname": "Transilluminators - Ocular", "name": "transilluminatorsocular", "maincategory": 8}},
{"pk": 23, "model": "listing.subcategory", "fields": {"category": [18], "totalunits": 0, "displayname": "Track Options", "name": "trackoptions", "maincategory": 18}},
{"pk": 24, "model": "listing.subcategory", "fields": {"category": [3], "totalunits": 0, "displayname": "Autoclaves", "name": "autoclaves", "maincategory": 3}},
{"pk": 25, "model": "listing.subcategory", "fields": {"category": [18], "totalunits": 0, "displayname": "Other Lighting", "name": "otherlighting", "maincategory": 18}},
{"pk": 26, "model": "listing.subcategory", "fields": {"category": [1], "totalunits": 0, "displayname": "Other Anesthesia Equipment", "name": "otheranesthesiaequipment", "maincategory": 1}},
{"pk": 27, "model": "listing.subcategory", "fields": {"category": [20], "totalunits": 0, "displayname": "Electrocardiography", "name": "electrocardiography", "maincategory": 20}},
{"pk": 28, "model": "listing.subcategory", "fields": {"category": [6], "totalunits": 0, "displayname": "Oxygen Sensors", "name": "oxygensensors", "maincategory": 6}},
{"pk": 29, "model": "listing.subcategory", "fields": {"category": [30], "totalunits": 0, "displayname": "Pediatric Scales", "name": "pediatricscales", "maincategory": 30}},
{"pk": 30, "model": "listing.subcategory", "fields": {"category": [33], "totalunits": 0, "displayname": "Surgical lasers", "name": "surgicallasers", "maincategory": 33}},
{"pk": 31, "model": "listing.subcategory", "fields": {"category": [3], "totalunits": 0, "displayname": "Ultrasonic Cleaners", "name": "ultrasoniccleaners", "maincategory": 3}},
{"pk": 32, "model": "listing.subcategory", "fields": {"category": [13], "totalunits": 0, "displayname": "Farrier Tools", "name": "farriertools", "maincategory": 13}},
{"pk": 33, "model": "listing.subcategory", "fields": {"category": [5], "totalunits": 0, "displayname": "Casework Cabinets", "name": "caseworkcabinets", "maincategory": 5}},
{"pk": 34, "model": "listing.subcategory", "fields": {"category": [36], "totalunits": 0, "displayname": "Ultrasound Probes", "name": "ultrasoundprobes", "maincategory": 36}},
{"pk": 35, "model": "listing.subcategory", "fields": {"category": [1, 21], "totalunits": 0, "displayname": "MRI Compatible Anesthesia", "name": "mricompatibleanesthesia", "maincategory": 1}},
{"pk": 36, "model": "listing.subcategory", "fields": {"category": [35], "totalunits": 0, "displayname": "Other Therapy and Rehabilitation Equimpment", "name": "othertherapyandrehabilitationequimpment", "maincategory": 35}},
{"pk": 37, "model": "listing.subcategory", "fields": {"category": [1], "totalunits": 0, "displayname": "Oxygen Concentrators", "name": "oxygenconcentrators", "maincategory": 1}},
{"pk": 38, "model": "listing.subcategory", "fields": {"category": [7], "totalunits": 0, "displayname": "Dental Units", "name": "dentalunits", "maincategory": 7}},
{"pk": 39, "model": "listing.subcategory", "fields": {"category": [14], "totalunits": 0, "displayname": "Infusion Pumps", "name": "infusionpumps", "maincategory": 14}},
{"pk": 40, "model": "listing.subcategory", "fields": {"category": [33], "totalunits": 0, "displayname": "Cast Cutters", "name": "castcutters", "maincategory": 33}},
{"pk": 41, "model": "listing.subcategory", "fields": {"category": [16], "totalunits": 0, "displayname": "Refractomoters", "name": "refractomoters", "maincategory": 16}},
{"pk": 42, "model": "listing.subcategory", "fields": {"category": [8], "totalunits": 0, "displayname": "Tonometer", "name": "tonometer", "maincategory": 8}},
{"pk": 43, "model": "listing.subcategory", "fields": {"category": [35], "totalunits": 0, "displayname": "Lasers", "name": "lasers", "maincategory": 35}},
{"pk": 44, "model": "listing.subcategory", "fields": {"category": [1], "totalunits": 0, "displayname": "Vaporizers", "name": "vaporizers", "maincategory": 1}},
{"pk": 45, "model": "listing.subcategory", "fields": {"category": [12, 35], "totalunits": 0, "displayname": "Game Ready", "name": "gameready", "maincategory": 12}},
{"pk": 46, "model": "listing.subcategory", "fields": {"category": [20], "totalunits": 0, "displayname": "Resipiration Monitors", "name": "resipirationmonitors", "maincategory": 20}},
{"pk": 47, "model": "listing.subcategory", "fields": {"category": [3, 16], "totalunits": 0, "displayname": "Water Distillers", "name": "waterdistillers", "maincategory": 3}},
{"pk": 48, "model": "listing.subcategory", "fields": {"category": [3], "totalunits": 0, "displayname": "Gas Sterilization", "name": "gassterilization", "maincategory": 3}},
{"pk": 49, "model": "listing.subcategory", "fields": {"category": [11], "totalunits": 0, "displayname": "Endoscopy Light Sources", "name": "endoscopylightsources", "maincategory": 11}},
{"pk": 50, "model": "listing.subcategory", "fields": {"category": [7], "totalunits": 0, "displayname": "Water Supply", "name": "watersupply", "maincategory": 7}},
{"pk": 51, "model": "listing.subcategory", "fields": {"category": [14], "totalunits": 0, "displayname": "Other Fluid and Drug Administration Supplies", "name": "otherfluidanddrugadministrationsupplies", "maincategory": 14}},
{"pk": 52, "model": "listing.subcategory", "fields": {"category": [32], "totalunits": 0, "displayname": "Sink Accessories", "name": "sinkaccessories", "maincategory": 32}},
{"pk": 53, "model": "listing.subcategory", "fields": {"category": [12, 13, 37], "totalunits": 0, "displayname": "Equine X-Ray Aids", "name": "equinexrayaids", "maincategory": 12}},
{"pk": 54, "model": "listing.subcategory", "fields": {"category": [12, 35], "totalunits": 0, "displayname": "Treadmill", "name": "treadmill", "maincategory": 12}},
{"pk": 55, "model": "listing.subcategory", "fields": {"category": [6], "totalunits": 0, "displayname": "Intensive care units", "name": "intensivecareunits", "maincategory": 6}},
{"pk": 56, "model": "listing.subcategory", "fields": {"category": [24], "totalunits": 0, "displayname": "Convective Warm Air Warming Systems", "name": "convectivewarmairwarmingsystems", "maincategory": 24}},
{"pk": 57, "model": "listing.subcategory", "fields": {"category": [20], "totalunits": 0, "displayname": "Multi-Parameter Monitors", "name": "multiparametermonitors", "maincategory": 20}},
{"pk": 58, "model": "listing.subcategory", "fields": {"category": [30], "totalunits": 0, "displayname": "Other Scales", "name": "otherscales", "maincategory": 30}},
{"pk": 59, "model": "listing.subcategory", "fields": {"category": [15], "totalunits": 0, "displayname": "Clippers", "name": "clippers", "maincategory": 15}},
{"pk": 60, "model": "listing.subcategory", "fields": {"category": [8], "totalunits": 0, "displayname": "Orthopedic", "name": "orthopedic", "maincategory": 8}},
{"pk": 61, "model": "listing.subcategory", "fields": {"category": [20], "totalunits": 0, "displayname": "Capnography", "name": "capnography", "maincategory": 20}},
{"pk": 62, "model": "listing.subcategory", "fields": {"category": [12, 17, 29], "totalunits": 0, "displayname": "Semen Collection", "name": "semencollection", "maincategory": 12}},
{"pk": 63, "model": "listing.subcategory", "fields": {"category": [15], "totalunits": 0, "displayname": "Trimmers", "name": "trimmers", "maincategory": 15}},
{"pk": 64, "model": "listing.subcategory", "fields": {"category": [16], "totalunits": 0, "displayname": "IDEXX In-House Diagnostics", "name": "idexxinhousediagnostics", "maincategory": 16}},
{"pk": 65, "model": "listing.subcategory", "fields": {"category": [29], "totalunits": 0, "displayname": "Small Animal Reproduction Equipment", "name": "smallanimalreproductionequipment", "maincategory": 29}},
{"pk": 66, "model": "listing.subcategory", "fields": {"category": [1], "totalunits": 0, "displayname": "Induction Chamber", "name": "inductionchamber", "maincategory": 1}},
{"pk": 67, "model": "listing.subcategory", "fields": {"category": [21], "totalunits": 0, "displayname": "MRI Compatible", "name": "mricompatible", "maincategory": 21}},
{"pk": 68, "model": "listing.subcategory", "fields": {"category": [18, 33], "totalunits": 0, "displayname": "Surgical lights", "name": "surgicallights", "maincategory": 18}},
{"pk": 69, "model": "listing.subcategory", "fields": {"category": [25], "totalunits": 0, "displayname": "Biologics", "name": "biologics", "maincategory": 25}},
{"pk": 70, "model": "listing.subcategory", "fields": {"category": [33], "totalunits": 0, "displayname": "Arthroscopy Equipment", "name": "arthroscopyequipment", "maincategory": 33}},
{"pk": 71, "model": "listing.subcategory", "fields": {"category": [30], "totalunits": 0, "displayname": "Gram Scales", "name": "gramscales", "maincategory": 30}},
{"pk": 72, "model": "listing.subcategory", "fields": {"category": [7], "totalunits": 0, "displayname": "Other Dental Equipment", "name": "otherdentalequipment", "maincategory": 7}},
{"pk": 73, "model": "listing.subcategory", "fields": {"category": [5, 34], "totalunits": 0, "displayname": "Exam Tables", "name": "examtables", "maincategory": 5}},
{"pk": 74, "model": "listing.subcategory", "fields": {"category": [36], "totalunits": 0, "displayname": "Ultrasound standoff pads", "name": "ultrasoundstandoffpads", "maincategory": 36}},
{"pk": 75, "model": "listing.subcategory", "fields": {"category": [19], "totalunits": 0, "displayname": "Miscellaneous Equipment", "name": "miscellaneousequipment", "maincategory": 19}},
{"pk": 76, "model": "listing.subcategory", "fields": {"category": [23, 27], "totalunits": 0, "displayname": "Handling Gloves", "name": "handlinggloves", "maincategory": 23}},
{"pk": 77, "model": "listing.subcategory", "fields": {"category": [37], "totalunits": 0, "displayname": "Small Animal Full Body X-ray", "name": "smallanimalfullbodyxray", "maincategory": 37}},
{"pk": 78, "model": "listing.subcategory", "fields": {"category": [15], "totalunits": 0, "displayname": "Bathing", "name": "bathing", "maincategory": 15}},
{"pk": 79, "model": "listing.subcategory", "fields": {"category": [33], "totalunits": 0, "displayname": "Insrument Mayo Stands", "name": "insrumentmayostands", "maincategory": 33}},
{"pk": 80, "model": "listing.subcategory", "fields": {"category": [12, 17, 33], "totalunits": 0, "displayname": "Emasculators", "name": "emasculators", "maincategory": 12}},
{"pk": 81, "model": "listing.subcategory", "fields": {"category": [23], "totalunits": 0, "displayname": "Transport and Handling supplies", "name": "transportandhandlingsupplies", "maincategory": 23}},
{"pk": 82, "model": "listing.subcategory", "fields": {"category": [8], "totalunits": 0, "displayname": "Other Diagnostic Equipment", "name": "otherdiagnosticequipment", "maincategory": 8}},
{"pk": 83, "model": "listing.subcategory", "fields": {"category": [8], "totalunits": 0, "displayname": "Laryngoscope Handles and Blades", "name": "laryngoscopehandlesandblades", "maincategory": 8}},
{"pk": 84, "model": "listing.subcategory", "fields": {"category": [16], "totalunits": 0, "displayname": "Microscopes", "name": "microscopes", "maincategory": 16}},
{"pk": 85, "model": "listing.subcategory", "fields": {"category": [8], "totalunits": 0, "displayname": "Oto/Ophthalmoscope Handles and Chargers", "name": "otoophthalmoscopehandlesandchargers", "maincategory": 8}},
{"pk": 86, "model": "listing.subcategory", "fields": {"category": [8], "totalunits": 0, "displayname": "Loupes and Optivisors", "name": "loupesandoptivisors", "maincategory": 8}},
{"pk": 87, "model": "listing.subcategory", "fields": {"category": [4], "totalunits": 0, "displayname": "Cage Banks", "name": "cagebanks", "maincategory": 4}},
{"pk": 88, "model": "listing.subcategory", "fields": {"category": [8], "totalunits": 0, "displayname": "Stethoscopes", "name": "stethoscopes", "maincategory": 8}},
{"pk": 89, "model": "listing.subcategory", "fields": {"category": [8], "totalunits": 0, "displayname": "Ophthalmoscopes", "name": "ophthalmoscopes", "maincategory": 8}},
{"pk": 90, "model": "listing.subcategory", "fields": {"category": [23], "totalunits": 0, "displayname": "Stretchers and Gurneys", "name": "stretchersandgurneys", "maincategory": 23}},
{"pk": 91, "model": "listing.subcategory", "fields": {"category": [35], "totalunits": 0, "displayname": "Therapeutic lasers", "name": "therapeuticlasers", "maincategory": 35}},
{"pk": 92, "model": "listing.subcategory", "fields": {"category": [9, 12], "totalunits": 0, "displayname": "Equine Cryosurgery", "name": "equinecryosurgery", "maincategory": 9}},
{"pk": 93, "model": "listing.subcategory", "fields": {"category": [31], "totalunits": 0, "displayname": "Seating and Chairs", "name": "seatingandchairs", "maincategory": 31}},
{"pk": 94, "model": "listing.subcategory", "fields": {"category": [7, 37], "totalunits": 0, "displayname": "Dental X-Ray", "name": "dentalxray", "maincategory": 7}},
{"pk": 95, "model": "listing.subcategory", "fields": {"category": [6], "totalunits": 0, "displayname": "Resuscitation", "name": "resuscitation", "maincategory": 6}},
{"pk": 96, "model": "listing.subcategory", "fields": {"category": [33], "totalunits": 0, "displayname": "Surgical packs", "name": "surgicalpacks", "maincategory": 33}},
{"pk": 97, "model": "listing.subcategory", "fields": {"category": [7], "totalunits": 0, "displayname": "Scalar/Polisher Units", "name": "scalarpolisherunits", "maincategory": 7}},
{"pk": 98, "model": "listing.subcategory", "fields": {"category": [14], "totalunits": 0, "displayname": "MRI Compatible Syringe Pumps", "name": "mricompatiblesyringepumps", "maincategory": 14}},
{"pk": 99, "model": "listing.subcategory", "fields": {"category": [11], "totalunits": 0, "displayname": "Endoscopes", "name": "endoscopes", "maincategory": 11}},
{"pk": 100, "model": "listing.subcategory", "fields": {"category": [30], "totalunits": 0, "displayname": "Platform Scales", "name": "platformscales", "maincategory": 30}},
{"pk": 101, "model": "listing.subcategory", "fields": {"category": [22, 26], "totalunits": 0, "displayname": "Narcotic Safes", "name": "narcoticsafes", "maincategory": 22}},
{"pk": 102, "model": "listing.subcategory", "fields": {"category": [25], "totalunits": 0, "displayname": "Pharmaceuticals", "name": "pharmaceuticals", "maincategory": 25}},
{"pk": 103, "model": "listing.subcategory", "fields": {"category": [16], "totalunits": 0, "displayname": "Incubators", "name": "incubators", "maincategory": 16}},
{"pk": 104, "model": "listing.subcategory", "fields": {"category": [11], "totalunits": 0, "displayname": "Endoscopy Accessories", "name": "endoscopyaccessories", "maincategory": 11}},
{"pk": 105, "model": "listing.subcategory", "fields": {"category": [37], "totalunits": 0, "displayname": "X-Ray Apron and Glove Racks", "name": "xrayapronandgloveracks", "maincategory": 37}},
{"pk": 106, "model": "listing.subcategory", "fields": {"category": [9], "totalunits": 0, "displayname": "Cryosurgery", "name": "cryosurgery", "maincategory": 9}},
{"pk": 107, "model": "listing.subcategory", "fields": {"category": [19], "totalunits": 0, "displayname": "Miscellaneous Supplies", "name": "miscellaneoussupplies", "maincategory": 19}},
{"pk": 108, "model": "listing.subcategory", "fields": {"category": [36], "totalunits": 0, "displayname": "Ultrasounds", "name": "ultrasounds", "maincategory": 36}},
{"pk": 109, "model": "listing.subcategory", "fields": {"category": [14], "totalunits": 0, "displayname": "IV Cage Mount", "name": "ivcagemount", "maincategory": 14}},
{"pk": 110, "model": "listing.subcategory", "fields": {"category": [12], "totalunits": 0, "displayname": "Nuclear Scintigraphy Equipment", "name": "nuclearscintigraphyequipment", "maincategory": 12}},
{"pk": 111, "model": "listing.subcategory", "fields": {"category": [14], "totalunits": 0, "displayname": "Fluid Warmers", "name": "fluidwarmers", "maincategory": 14}},
{"pk": 112, "model": "listing.subcategory", "fields": {"category": [33], "totalunits": 0, "displayname": "Other Surgical Equipment", "name": "othersurgicalequipment", "maincategory": 33}},
{"pk": 113, "model": "listing.subcategory", "fields": {"category": [1], "totalunits": 0, "displayname": "Cuff Safe", "name": "cuffsafe", "maincategory": 1}},
{"pk": 114, "model": "listing.subcategory", "fields": {"category": [15], "totalunits": 0, "displayname": "Dryers", "name": "dryers", "maincategory": 15}},
{"pk": 115, "model": "listing.subcategory", "fields": {"category": [26], "totalunits": 0, "displayname": "Pill Counter", "name": "pillcounter", "maincategory": 26}},
{"pk": 116, "model": "listing.subcategory", "fields": {"category": [4], "totalunits": 0, "displayname": "Kennel Runs", "name": "kennelruns", "maincategory": 4}},
{"pk": 117, "model": "listing.subcategory", "fields": {"category": [8], "totalunits": 0, "displayname": "Otoscopes", "name": "otoscopes", "maincategory": 8}},
{"pk": 118, "model": "listing.subcategory", "fields": {"category": [16], "totalunits": 0, "displayname": "ABAXIS In-House Diagnostics", "name": "abaxisinhousediagnostics", "maincategory": 16}},
{"pk": 119, "model": "listing.subcategory", "fields": {"category": [16], "totalunits": 0, "displayname": "Centrifuges", "name": "centrifuges", "maincategory": 16}},
{"pk": 120, "model": "listing.subcategory", "fields": {"category": [24], "totalunits": 0, "displayname": "Electric Warming Systems", "name": "electricwarmingsystems", "maincategory": 24}},
{"pk": 121, "model": "listing.subcategory", "fields": {"category": [7], "totalunits": 0, "displayname": "Restorative", "name": "restorative", "maincategory": 7}},
{"pk": 122, "model": "listing.subcategory", "fields": {"category": [27], "totalunits": 0, "displayname": "Other Protective Wear and Apparel", "name": "otherprotectivewearandapparel", "maincategory": 27}},
{"pk": 123, "model": "listing.subcategory", "fields": {"category": [15], "totalunits": 0, "displayname": "Other Grooming Equipment and Supplies", "name": "othergroomingequipmentandsupplies", "maincategory": 15}},
{"pk": 124, "model": "listing.subcategory", "fields": {"category": [37], "totalunits": 0, "displayname": "Equine Digital X-Ray Systems", "name": "equinedigitalxraysystems", "maincategory": 37}},
{"pk": 125, "model": "listing.subcategory", "fields": {"category": [5, 32], "totalunits": 0, "displayname": "Sinks and Tubs", "name": "sinksandtubs", "maincategory": 5}},
{"pk": 126, "model": "listing.subcategory", "fields": {"category": [5, 32], "totalunits": 0, "displayname": "Wet/Prep and Misc. Casework", "name": "wetprepandmisccasework", "maincategory": 5}},
{"pk": 127, "model": "listing.subcategory", "fields": {"category": [20], "totalunits": 0, "displayname": "Other Monitors", "name": "othermonitors", "maincategory": 20}},
{"pk": 128, "model": "listing.subcategory", "fields": {"category": [36], "totalunits": 0, "displayname": "Ultrasound accessories", "name": "ultrasoundaccessories", "maincategory": 36}},
{"pk": 129, "model": "listing.subcategory", "fields": {"category": [20], "totalunits": 0, "displayname": "Telemetry", "name": "telemetry", "maincategory": 20}},
{"pk": 130, "model": "listing.subcategory", "fields": {"category": [1], "totalunits": 0, "displayname": "Gas Supply", "name": "gassupply", "maincategory": 1}},
{"pk": 131, "model": "listing.subcategory", "fields": {"category": [24], "totalunits": 0, "displayname": "Water Circulating Warming Systems", "name": "watercirculatingwarmingsystems", "maincategory": 24}},
{"pk": 132, "model": "listing.subcategory", "fields": {"category": [1], "totalunits": 0, "displayname": "Small Animal Research/Lab Anesthesia", "name": "smallanimalresearchlabanesthesia", "maincategory": 1}},
{"pk": 133, "model": "listing.subcategory", "fields": {"category": [37], "totalunits": 0, "displayname": "X-Ray Casettes", "name": "xraycasettes", "maincategory": 37}},
{"pk": 134, "model": "listing.subcategory", "fields": {"category": [21], "totalunits": 0, "displayname": "MRI Equipment", "name": "mriequipment", "maincategory": 21}},
{"pk": 135, "model": "listing.subcategory", "fields": {"category": [12, 28], "totalunits": 0, "displayname": "PRP Systems", "name": "prpsystems", "maincategory": 12}},
{"pk": 136, "model": "listing.subcategory", "fields": {"category": [20], "totalunits": 0, "displayname": "Doppler", "name": "doppler", "maincategory": 20}},
{"pk": 137, "model": "listing.subcategory", "fields": {"category": [1], "totalunits": 0, "displayname": "Small Animal Tabletop/Wall Mount Anesthesia", "name": "smallanimaltabletopwallmountanesthesia", "maincategory": 1}},
{"pk": 138, "model": "listing.subcategory", "fields": {"category": [1, 7, 34, 37], "totalunits": 0, "displayname": "Positioners", "name": "positioners", "maincategory": 1}},
{"pk": 139, "model": "listing.subcategory", "fields": {"category": [2], "totalunits": 0, "displayname": "Aspirators", "name": "aspirators", "maincategory": 2}},
{"pk": 140, "model": "listing.subcategory", "fields": {"category": [8], "totalunits": 0, "displayname": "Thermometers", "name": "thermometers", "maincategory": 8}},
{"pk": 141, "model": "listing.subcategory", "fields": {"category": [37], "totalunits": 0, "displayname": "Film ID Printers", "name": "filmidprinters", "maincategory": 37}},
{"pk": 142, "model": "listing.subcategory", "fields": {"category": [1], "totalunits": 0, "displayname": "Ventilators", "name": "ventilators", "maincategory": 1}},
{"pk": 143, "model": "listing.subcategory", "fields": {"category": [37], "totalunits": 0, "displayname": "Other X-Ray Equipment", "name": "otherxrayequipment", "maincategory": 37}},
{"pk": 144, "model": "listing.subcategory", "fields": {"category": [4], "totalunits": 0, "displayname": "Cat Condos", "name": "catcondos", "maincategory": 4}},
{"pk": 145, "model": "listing.subcategory", "fields": {"category": [12, 21], "totalunits": 0, "displayname": "Standing MRI", "name": "standingmri", "maincategory": 12}},
{"pk": 146, "model": "listing.subcategory", "fields": {"category": [33], "totalunits": 0, "displayname": "Instrument Marking systems", "name": "instrumentmarkingsystems", "maincategory": 33}},
{"pk": 147, "model": "listing.subcategory", "fields": {"category": [6, 10], "totalunits": 0, "displayname": "Other Critical Care Equipment", "name": "othercriticalcareequipment", "maincategory": 6}},
{"pk": 148, "model": "listing.subcategory", "fields": {"category": [4, 6], "totalunits": 0, "displayname": "Cage O2 Therapy Doors", "name": "cageo2therapydoors", "maincategory": 4}},
{"pk": 149, "model": "listing.subcategory", "fields": {"category": [27, 37], "totalunits": 0, "displayname": "X-Ray Protective Wear and Apparel", "name": "xrayprotectivewearandapparel", "maincategory": 27}},
{"pk": 150, "model": "listing.subcategory", "fields": {"category": [12, 28], "totalunits": 0, "displayname": "Other Regenerative Medicine Supplies", "name": "otherregenerativemedicinesupplies", "maincategory": 12}},
{"pk": 151, "model": "listing.subcategory", "fields": {"category": [22, 26], "totalunits": 0, "displayname": "Cubex", "name": "cubex", "maincategory": 22}},
{"pk": 152, "model": "listing.subcategory", "fields": {"category": [4, 34], "totalunits": 0, "displayname": "Casework Tables and Cabinets", "name": "caseworktablesandcabinets", "maincategory": 4}},
{"pk": 153, "model": "listing.subcategory", "fields": {"category": [37], "totalunits": 0, "displayname": "Film Processors", "name": "filmprocessors", "maincategory": 37}},
{"pk": 154, "model": "listing.subcategory", "fields": {"category": [20], "totalunits": 0, "displayname": "Pulse Oximetry", "name": "pulseoximetry", "maincategory": 20}},
{"pk": 155, "model": "listing.subcategory", "fields": {"category": [37], "totalunits": 0, "displayname": "Film Storage Bin", "name": "filmstoragebin", "maincategory": 37}},
{"pk": 156, "model": "listing.subcategory", "fields": {"category": [6, 10], "totalunits": 0, "displayname": "Defribrilators", "name": "defribrilators", "maincategory": 6}},
{"pk": 157, "model": "listing.subcategory", "fields": {"category": [14], "totalunits": 0, "displayname": "IV Stands", "name": "ivstands", "maincategory": 14}},
{"pk": 158, "model": "listing.subcategory", "fields": {"category": [12], "totalunits": 0, "displayname": "Other Equine Equipment", "name": "otherequineequipment", "maincategory": 12}},
{"pk": 159, "model": "listing.subcategory", "fields": {"category": [7], "totalunits": 0, "displayname": "Equine Dental Supplies", "name": "equinedentalsupplies", "maincategory": 7}},
{"pk": 160, "model": "listing.subcategory", "fields": {"category": [4], "totalunits": 0, "displayname": "Other Boarding and Holding Supplies", "name": "otherboardingandholdingsupplies", "maincategory": 4}},
{"pk": 161, "model": "listing.subcategory", "fields": {"category": [37], "totalunits": 0, "displayname": "Portable Handheld X-Ray Generators", "name": "portablehandheldxraygenerators", "maincategory": 37}},
{"pk": 162, "model": "listing.subcategory", "fields": {"category": [7, 18], "totalunits": 0, "displayname": "Dental and Exam Lights", "name": "dentalandexamlights", "maincategory": 7}},
{"pk": 163, "model": "listing.subcategory", "fields": {"category": [8], "totalunits": 0, "displayname": "Head Lamps", "name": "headlamps", "maincategory": 8}},
{"pk": 164, "model": "listing.subcategory", "fields": {"category": [6], "totalunits": 0, "displayname": "Nebulizers", "name": "nebulizers", "maincategory": 6}},
{"pk": 165, "model": "listing.subcategory", "fields": {"category": [1], "totalunits": 0, "displayname": "Large Animal Anesthesia", "name": "largeanimalanesthesia", "maincategory": 1}},
{"pk": 166, "model": "listing.subcategory", "fields": {"category": [1], "totalunits": 0, "displayname": "Small Animal Mobile Anesthesia", "name": "smallanimalmobileanesthesia", "maincategory": 1}},
{"pk": 167, "model": "listing.subcategory", "fields": {"category": [9], "totalunits": 0, "displayname": "Smoke Evacuation", "name": "smokeevacuation", "maincategory": 9}},
{"pk": 168, "model": "listing.subcategory", "fields": {"category": [13], "totalunits": 0, "displayname": "Anvils", "name": "anvils", "maincategory": 13}},
{"pk": 169, "model": "listing.subcategory", "fields": {"category": [18], "totalunits": 0, "displayname": "Spot Lights", "name": "spotlights", "maincategory": 18}},
{"pk": 170, "model": "listing.subcategory", "fields": {"category": [13], "totalunits": 0, "displayname": "Other Farrier Supplies", "name": "otherfarriersupplies", "maincategory": 13}},
{"pk": 171, "model": "listing.subcategory", "fields": {"category": [20], "totalunits": 0, "displayname": "Non-Invasive Blood Pressure", "name": "noninvasivebloodpressure", "maincategory": 20}},
{"pk": 172, "model": "listing.subcategory", "fields": {"category": [34], "totalunits": 0, "displayname": "Tables and Stands - Other", "name": "tablesandstandsother", "maincategory": 34}},
{"pk": 173, "model": "listing.subcategory", "fields": {"category": [20, 21], "totalunits": 0, "displayname": "MRI Compatible Monitors", "name": "mricompatiblemonitors", "maincategory": 20}},
{"pk": 174, "model": "listing.subcategory", "fields": {"category": [4], "totalunits": 0, "displayname": "Cage Options and Accessories", "name": "cageoptionsandaccessories", "maincategory": 4}},
{
    "pk": 1, 
    "model": "general.charity", 
    "fields": {
        "name": "Any VetCove Approved Charity"
    }
},
{
    "pk": 2, 
    "model": "general.charity", 
    "fields": {
        "name": "AAEP Veterinary Foundation"
    }
},
{
    "pk": 1, 
    "model": "auth.user", 
    "fields": {
        "username": "admin@vetcove.com", 
        "first_name": "", 
        "last_name": "", 
        "is_active": true, 
        "is_superuser": true, 
        "is_staff": true, 
        "last_login": "2013-10-28T04:37:02.515Z", 
        "groups": [], 
        "user_permissions": [], 
        "password": "pbkdf2_sha256$10000$baG2jbKu2fmr$GQMak8dwaoerfKjoVBxom27VVhAlm5IAOlcE5wW1fQw=", 
        "email": "admin@vetcove.com", 
        "date_joined": "2013-10-28T04:36:12.295Z"
    }
},
{
    "pk": 2, 
    "model": "auth.user", 
    "fields": {
        "username": "staff@vetcove.com", 
        "first_name": "", 
        "last_name": "", 
        "is_active": true, 
        "is_superuser": false, 
        "is_staff": true, 
        "last_login": "2013-10-28T04:37:02.515Z", 
        "groups": [], 
        "user_permissions": [], 
        "password": "pbkdf2_sha256$10000$baG2jbKu2fmr$GQMak8dwaoerfKjoVBxom27VVhAlm5IAOlcE5wW1fQw=",
        "email": "staff@vetcove.com", 
        "date_joined": "2013-10-28T04:36:12.295Z"
    }
},
{
    "pk": 1, 
    "model": "account.basicuser", 
    "fields": {
    	"user": 1, 
    	"creation_date": "2014-02-26",
        "firstname": "VetCove Admin",
        "email": "admin@vetcove.com", 
        "zipcode": 12345  
    }
},
{
    "pk": 2, 
    "model": "account.basicuser", 
    "fields": {
    	"user": 2, 
    	"creation_date": "2014-02-26",
        "firstname": "VetCove Staff",
        "email": "staff@vetcove.com", 
        "zipcode": 90012   
    }
},
{
    "pk": 1, 
    "model": "checkout.shoppingcart", 
    "fields": {
    	"user": 1
    }
},
{
    "pk": 2, 
    "model": "checkout.shoppingcart", 
    "fields": {
    	"user": 2
    }
},
{
		"pk": 1,
		"model": "listing.item",
		"fields": {
			"user":1,
			"subcategory":1,
			"creation_date": "2014-3-1",
			"msrp_price" : 24321,
			"price" : 18981,
			"manufacturer": 1,
			"name":"New XT Ultrasound Plus",
			"liststatus":"active"
		}
	},
	{
		"pk": 1,
		"model": "listing.equipment",
		"fields": {}
	},
	{
		"pk": 1,
		"model": "listing.newequipment",
		"fields": {
			"quantity":2
		}
	},
	{
		"pk": 2,
		"model": "listing.item",
		"fields": {
			"user":1,
			"subcategory":1,
			"creation_date": "2014-3-1",
			"msrp_price" : 24321,
			"price" : 18981,
			"manufacturer": 1,
			"name":"Used XT Ultrasound Plus",
			"liststatus":"active"
		}
	},
	{
		"pk": 2,
		"model": "listing.equipment",
		"fields": {}
	},
	{
		"pk": 2,
		"model": "listing.usedequipment",
		"fields": {
			"max_price":18981
		}
	},
	{
		"pk": 1,
		"model": "listing.pharmabase",
		"fields": {
			"name": "Rimadyl",
			"uses": "Iritable bowels~!Sore legs",
			"description": "This drug is powerful"
		}
	},
	{
		"pk": 3,
		"model": "listing.item",
		"fields": {
			"user":1,
			"subcategory":69,
			"creation_date": "2014-3-1",
			"msrp_price" : 24321,
			"price" : 18981,
			"manufacturer": 1,
			"name":"Rimadyl Plus",
			"liststatus":"active"
		}
	},
	{
		"pk": 3,
		"model": "listing.pharmaitem",
		"fields": {
			"pharma_base": 1,
			"quantity": 3
		}
	}
]