[
{"pk": 1, "model": "listing.industry", "fields": {"displayname": "Equine", "name": "equine"}},
{"pk": 1, "model": "listing.category", "fields": {"industry": [1], "main": true, "displayname": "Anesthesia", "name": "anesthesia", "parent": null}},
{"pk": 2, "model": "listing.category", "fields": {"industry": [1], "main": true, "displayname": "Animal Control & Behavior", "name": "animal_control_and_behavior", "parent": null}},
{"pk": 3, "model": "listing.category", "fields": {"industry": [1], "main": true, "displayname": "Biologicals", "name": "biologicals", "parent": null}},
{"pk": 4, "model": "listing.category", "fields": {"industry": [1], "main": true, "displayname": "Critical Care and Recovery", "name": "critical_care_and_recovery", "parent": null}},
{"pk": 5, "model": "listing.category", "fields": {"industry": [1], "main": true, "displayname": "Controlled Substances", "name": "controlled_substances", "parent": null}},
{"pk": 6, "model": "listing.category", "fields": {"industry": [1], "main": true, "displayname": "Dental", "name": "dental", "parent": null}},
{"pk": 7, "model": "listing.category", "fields": {"industry": [1], "main": true, "displayname": "Dermatology & Allergies", "name": "dermatology_and_allergies", "parent": null}},
{"pk": 8, "model": "listing.category", "fields": {"industry": [1], "main": true, "displayname": "Diagnostic", "name": "diagnostic", "parent": null}},
{"pk": 9, "model": "listing.category", "fields": {"industry": [1], "main": true, "displayname": "Diets & Nutritiion", "name": "diets_and_nutritiion", "parent": null}},
{"pk": 10, "model": "listing.category", "fields": {"industry": [1], "main": true, "displayname": "Eye and Ear Care", "name": "eye_and_ear_care", "parent": null}},
{"pk": 11, "model": "listing.category", "fields": {"industry": [1], "main": true, "displayname": "Fluids & Drug Administration", "name": "fluids_and_drug_administration", "parent": null}},
{"pk": 12, "model": "listing.category", "fields": {"industry": [1], "main": true, "displayname": "General Supplies", "name": "general_supplies", "parent": null}},
{"pk": 13, "model": "listing.category", "fields": {"industry": [1], "main": true, "displayname": "Grooming", "name": "grooming", "parent": null}},
{"pk": 14, "model": "listing.category", "fields": {"industry": [1], "main": true, "displayname": "Instrument Care & Sterilization", "name": "instrument_care_and_sterilization", "parent": null}},
{"pk": 15, "model": "listing.category", "fields": {"industry": [1], "main": true, "displayname": "Joint Care", "name": "joint_care", "parent": null}},
{"pk": 16, "model": "listing.category", "fields": {"industry": [1], "main": true, "displayname": "Monitors", "name": "monitors", "parent": null}},
{"pk": 17, "model": "listing.category", "fields": {"industry": [1], "main": true, "displayname": "Obstetrics", "name": "obstetrics", "parent": null}},
{"pk": 18, "model": "listing.category", "fields": {"industry": [1], "main": true, "displayname": "Orthopedics", "name": "orthopedics", "parent": null}},
{"pk": 19, "model": "listing.category", "fields": {"industry": [1], "main": true, "displayname": "Parasiticides", "name": "parasiticides", "parent": null}},
{"pk": 20, "model": "listing.category", "fields": {"industry": [1], "main": true, "displayname": "Pharmaceuticals", "name": "pharmaceuticals", "parent": null}},
{"pk": 21, "model": "listing.category", "fields": {"industry": [1], "main": true, "displayname": "Protective Wear", "name": "protective_wear", "parent": null}},
{"pk": 22, "model": "listing.category", "fields": {"industry": [1], "main": true, "displayname": "Reproduction", "name": "reproduction", "parent": null}},
{"pk": 23, "model": "listing.category", "fields": {"industry": [1], "main": true, "displayname": "Specialized Care", "name": "specialized_care", "parent": null}},
{"pk": 24, "model": "listing.category", "fields": {"industry": [1], "main": true, "displayname": "Structural Hardware", "name": "structural_hardware", "parent": null}},
{"pk": 25, "model": "listing.category", "fields": {"industry": [1], "main": true, "displayname": "Surgery", "name": "surgery", "parent": null}},
{"pk": 26, "model": "listing.category", "fields": {"industry": [1], "main": true, "displayname": "Wound Care", "name": "wound_care", "parent": null}},
{"pk": 27, "model": "listing.category", "fields": {"industry": [1], "main": true, "displayname": "X-Ray", "name": "xray", "parent": null}},
{"pk": 28, "model": "listing.category", "fields": {"industry": [1], "main": false, "displayname": "Absorbents", "name": "absorbents", "parent": 1}},
{"pk": 29, "model": "listing.category", "fields": {"industry": [1], "main": false, "displayname": "Alarms", "name": "alarms", "parent": 1}},
{"pk": 30, "model": "listing.category", "fields": {"industry": [1], "main": false, "displayname": "Anesthesia Machines", "name": "anesthesia_machines", "parent": 1}},
{"pk": 31, "model": "listing.category", "fields": {"industry": [1], "main": false, "displayname": "Anesthesia Bags", "name": "anesthesia_bags", "parent": 1}},
{"pk": 32, "model": "listing.category", "fields": {"industry": [1], "main": false, "displayname": "Circuits", "name": "circuits", "parent": 1}},
{"pk": 33, "model": "listing.category", "fields": {"industry": [1], "main": false, "displayname": "Circuit Accessories", "name": "circuit_accessories", "parent": 32}},
{"pk": 34, "model": "listing.category", "fields": {"industry": [1], "main": false, "displayname": "Gas Evacuation", "name": "gas_evacuation", "parent": 1}},
{"pk": 35, "model": "listing.category", "fields": {"industry": [1], "main": false, "displayname": "Gas Supply", "name": "gas_supply", "parent": 1}},
{"pk": 36, "model": "listing.category", "fields": {"industry": [1], "main": false, "displayname": "Induction Chambers", "name": "induction_chambers", "parent": 1}},
{"pk": 37, "model": "listing.category", "fields": {"industry": [1], "main": false, "displayname": "Laryngoscopes", "name": "laryngoscopes", "parent": 1}},
{"pk": 38, "model": "listing.category", "fields": {"industry": [1], "main": false, "displayname": "Anesthesia Masks", "name": "anesthesia_masks", "parent": 1}},
{"pk": 39, "model": "listing.category", "fields": {"industry": [1], "main": false, "displayname": "Oxygen Concentrators", "name": "oxygen_concentrators", "parent": 1}},
{"pk": 40, "model": "listing.category", "fields": {"industry": [1], "main": false, "displayname": "Anesthesia Safety Accessories", "name": "anesthesia_safety_accessories", "parent": 1}},
{"pk": 41, "model": "listing.category", "fields": {"industry": [1], "main": false, "displayname": "Endotracheal Tubes", "name": "endotracheal_tubes", "parent": 1}},
{"pk": 42, "model": "listing.category", "fields": {"industry": [1], "main": false, "displayname": "Endotracheal Tubes Accessories", "name": "endotracheal_tubes_accessories", "parent": 41}},
{"pk": 43, "model": "listing.category", "fields": {"industry": [1], "main": false, "displayname": "Vaporizers", "name": "vaporizers", "parent": 1}},
{"pk": 44, "model": "listing.category", "fields": {"industry": [1], "main": false, "displayname": "Ventilators", "name": "ventilators", "parent": 1}},
{"pk": 45, "model": "listing.category", "fields": {"industry": [1], "main": false, "displayname": "Twitches", "name": "twitches", "parent": 2}},
{"pk": 46, "model": "listing.category", "fields": {"industry": [1], "main": false, "displayname": "Whips", "name": "whips", "parent": 2}},
{"pk": 47, "model": "listing.category", "fields": {"industry": [1], "main": false, "displayname": "Calming Remedies", "name": "calming_remedies", "parent": 2}},
{"pk": 48, "model": "listing.category", "fields": {"industry": [1], "main": false, "displayname": "Chew/Lick Prevention", "name": "chewlick_prevention", "parent": 2}},
{"pk": 49, "model": "listing.category", "fields": {"industry": [1], "main": false, "displayname": "Coprophagy Prevention", "name": "coprophagy_prevention", "parent": 2}},
{"pk": 50, "model": "listing.category", "fields": {"industry": [1], "main": false, "displayname": "Training Aids", "name": "training_aids", "parent": 2}},
{"pk": 51, "model": "listing.category", "fields": {"industry": [1], "main": false, "displayname": "Vaccines", "name": "vaccines", "parent": 3}},
{"pk": 52, "model": "listing.category", "fields": {"industry": [1], "main": false, "displayname": "Feeding Tubes", "name": "feeding_tubes", "parent": 4}},
{"pk": 53, "model": "listing.category", "fields": {"industry": [1], "main": false, "displayname": "Genito Urinary Catheters", "name": "genito_urinary_catheters", "parent": 4}},
{"pk": 54, "model": "listing.category", "fields": {"industry": [1], "main": false, "displayname": "Casting", "name": "casting", "parent": 4}},
{"pk": 55, "model": "listing.category", "fields": {"industry": [1], "main": false, "displayname": "Padding", "name": "padding", "parent": 54}},
{"pk": 56, "model": "listing.category", "fields": {"industry": [1], "main": false, "displayname": "Splints", "name": "splints", "parent": 54}},
{"pk": 57, "model": "listing.category", "fields": {"industry": [1], "main": false, "displayname": "Spreaders", "name": "spreaders", "parent": 54}},
{"pk": 58, "model": "listing.category", "fields": {"industry": [1], "main": false, "displayname": " Casting Wraps & Tapes", "name": "_casting_wraps_and_tapes", "parent": 54}},
{"pk": 59, "model": "listing.category", "fields": {"industry": [1], "main": false, "displayname": "Wraps & Tapes", "name": "wraps_and_tapes", "parent": 4}},
{"pk": 60, "model": "listing.category", "fields": {"industry": [1], "main": false, "displayname": "Hand Instruments", "name": "hand_instruments", "parent": 6}},
{"pk": 61, "model": "listing.category", "fields": {"industry": [1], "main": false, "displayname": "Burs", "name": "burs", "parent": 60}},
{"pk": 62, "model": "listing.category", "fields": {"industry": [1], "main": false, "displayname": "Elevators", "name": "elevators", "parent": 60}},
{"pk": 63, "model": "listing.category", "fields": {"industry": [1], "main": false, "displayname": "Floats", "name": "floats", "parent": 60}},
{"pk": 64, "model": "listing.category", "fields": {"industry": [1], "main": false, "displayname": "Forceps & Spreaders", "name": "forceps_and_spreaders", "parent": 60}},
{"pk": 65, "model": "listing.category", "fields": {"industry": [1], "main": false, "displayname": "Fulcrums", "name": "fulcrums", "parent": 60}},
{"pk": 66, "model": "listing.category", "fields": {"industry": [1], "main": false, "displayname": "Dental Mirrors", "name": "dental_mirrors", "parent": 60}},
{"pk": 67, "model": "listing.category", "fields": {"industry": [1], "main": false, "displayname": "Dental Kits", "name": "dental_kits", "parent": 60}},
{"pk": 68, "model": "listing.category", "fields": {"industry": [1], "main": false, "displayname": "Dental Cases", "name": "dental_cases", "parent": 60}},
{"pk": 69, "model": "listing.category", "fields": {"industry": [1], "main": false, "displayname": "Dental Discs", "name": "dental_discs", "parent": 60}},
{"pk": 70, "model": "listing.category", "fields": {"industry": [1], "main": false, "displayname": "Power Floats", "name": "power_floats", "parent": 6}},
{"pk": 71, "model": "listing.category", "fields": {"industry": [1], "main": false, "displayname": "Power Floats Machines", "name": "power_floats_machines", "parent": 70}},
{"pk": 72, "model": "listing.category", "fields": {"industry": [1], "main": false, "displayname": "Power Float Accessories", "name": "power_float_accessories", "parent": 70}},
{"pk": 73, "model": "listing.category", "fields": {"industry": [1], "main": false, "displayname": "Headlights", "name": "headlights", "parent": 6}},
{"pk": 74, "model": "listing.category", "fields": {"industry": [1], "main": false, "displayname": "Periodontal Unit", "name": "periodontal_unit", "parent": 6}},
{"pk": 75, "model": "listing.category", "fields": {"industry": [1], "main": false, "displayname": "Speculums", "name": "speculums", "parent": 6}},
{"pk": 76, "model": "listing.category", "fields": {"industry": [1], "main": false, "displayname": "Support & Restraint", "name": "support_and_restraint", "parent": 6}},
{"pk": 77, "model": "listing.category", "fields": {"industry": [1], "main": false, "displayname": "Topicals", "name": "topicals", "parent": 7}},
{"pk": 78, "model": "listing.category", "fields": {"industry": [1], "main": false, "displayname": "Antifungals", "name": "antifungals", "parent": 77}},
{"pk": 79, "model": "listing.category", "fields": {"industry": [1], "main": false, "displayname": "Antimicrobials", "name": "antimicrobials", "parent": 77}},
{"pk": 80, "model": "listing.category", "fields": {"industry": [1], "main": false, "displayname": "Antimicrobial + Antifungal", "name": "antimicrobial_+_antifungal", "parent": 77}},
{"pk": 81, "model": "listing.category", "fields": {"industry": [1], "main": false, "displayname": "Antipruritics", "name": "antipruritics", "parent": 77}},
{"pk": 82, "model": "listing.category", "fields": {"industry": [1], "main": false, "displayname": "Emollients", "name": "emollients", "parent": 77}},
{"pk": 83, "model": "listing.category", "fields": {"industry": [1], "main": false, "displayname": "Keratolytics", "name": "keratolytics", "parent": 77}},
{"pk": 84, "model": "listing.category", "fields": {"industry": [1], "main": false, "displayname": "Supplements", "name": "supplements", "parent": 7}},
{"pk": 85, "model": "listing.category", "fields": {"industry": [1], "main": false, "displayname": "Shampoos & Conditioners", "name": "shampoos_and_conditioners", "parent": 7}},
{"pk": 86, "model": "listing.category", "fields": {"industry": [1], "main": false, "displayname": "Antiseborrheic", "name": "antiseborrheic", "parent": 85}},
{"pk": 87, "model": "listing.category", "fields": {"industry": [1], "main": false, "displayname": "Antimicrobial", "name": "antimicrobial", "parent": 85}},
{"pk": 88, "model": "listing.category", "fields": {"industry": [1], "main": false, "displayname": "Antimicrobial+ Antifungal", "name": "antimicrobial+_antifungal", "parent": 85}},
{"pk": 89, "model": "listing.category", "fields": {"industry": [1], "main": false, "displayname": "Antimicrobial + Antiseborrheic", "name": "antimicrobial_+_antiseborrheic", "parent": 85}},
{"pk": 90, "model": "listing.category", "fields": {"industry": [1], "main": false, "displayname": "Antipruritic and/or Anti-Inflammatory", "name": "antipruritic_andor_antiinflammatory", "parent": 85}},
{"pk": 91, "model": "listing.category", "fields": {"industry": [1], "main": false, "displayname": "Hypoallergenic", "name": "hypoallergenic", "parent": 85}},
{"pk": 92, "model": "listing.category", "fields": {"industry": [1], "main": false, "displayname": "Routine Grooming", "name": "routine_grooming", "parent": 85}},
{"pk": 93, "model": "listing.category", "fields": {"industry": [1], "main": false, "displayname": "Wipes", "name": "wipes", "parent": 7}},
{"pk": 94, "model": "listing.category", "fields": {"industry": [1], "main": false, "displayname": "Ultrasonography", "name": "ultrasonography", "parent": 8}},
{"pk": 95, "model": "listing.category", "fields": {"industry": [1], "main": false, "displayname": "Dermatoscopes", "name": "dermatoscopes", "parent": 8}},
{"pk": 96, "model": "listing.category", "fields": {"industry": [1], "main": false, "displayname": "Stethoscopes", "name": "stethoscopes", "parent": 8}},
{"pk": 97, "model": "listing.category", "fields": {"industry": [1], "main": false, "displayname": "Espohageal Stethoscope", "name": "espohageal_stethoscope", "parent": 8}},
{"pk": 98, "model": "listing.category", "fields": {"industry": [1], "main": false, "displayname": "Thermometers", "name": "thermometers", "parent": 8}},
{"pk": 99, "model": "listing.category", "fields": {"industry": [1], "main": false, "displayname": "Oral Speculums", "name": "oral_speculums", "parent": 8}},
{"pk": 100, "model": "listing.category", "fields": {"industry": [1], "main": false, "displayname": "Pen Lights", "name": "pen_lights", "parent": 8}},
{"pk": 101, "model": "listing.category", "fields": {"industry": [1], "main": false, "displayname": "Diagnsotic Lab Equipment", "name": "diagnsotic_lab_equipment", "parent": 8}},
{"pk": 102, "model": "listing.category", "fields": {"industry": [1], "main": false, "displayname": " Analyzers", "name": "_analyzers", "parent": 101}},
{"pk": 103, "model": "listing.category", "fields": {"industry": [1], "main": false, "displayname": "Chemistry Analyzers", "name": "chemistry_analyzers", "parent": 102}},
{"pk": 104, "model": "listing.category", "fields": {"industry": [1], "main": false, "displayname": "Hematology Analyzers", "name": "hematology_analyzers", "parent": 102}},
{"pk": 105, "model": "listing.category", "fields": {"industry": [1], "main": false, "displayname": "Electrolyte Analyzers", "name": "electrolyte_analyzers", "parent": 102}},
{"pk": 106, "model": "listing.category", "fields": {"industry": [1], "main": false, "displayname": "Urine Analyzers", "name": "urine_analyzers", "parent": 102}},
{"pk": 107, "model": "listing.category", "fields": {"industry": [1], "main": false, "displayname": "Coagulation Analyzers", "name": "coagulation_analyzers", "parent": 102}},
{"pk": 108, "model": "listing.category", "fields": {"industry": [1], "main": false, "displayname": "Diagnostic Test Kits", "name": "diagnostic_test_kits", "parent": 101}},
{"pk": 109, "model": "listing.category", "fields": {"industry": [1], "main": false, "displayname": "Fecal Analysis", "name": "fecal_analysis", "parent": 101}},
{"pk": 110, "model": "listing.category", "fields": {"industry": [1], "main": false, "displayname": "Refractometers", "name": "refractometers", "parent": 101}},
{"pk": 111, "model": "listing.category", "fields": {"industry": [1], "main": false, "displayname": "Timers", "name": "timers", "parent": 101}},
{"pk": 112, "model": "listing.category", "fields": {"industry": [1], "main": false, "displayname": "Glassware", "name": "glassware", "parent": 101}},
{"pk": 113, "model": "listing.category", "fields": {"industry": [1], "main": false, "displayname": "Centrifuges", "name": "centrifuges", "parent": 101}},
{"pk": 114, "model": "listing.category", "fields": {"industry": [1], "main": false, "displayname": "Centrifuge Tubes & Adapters", "name": "centrifuge_tubes_and_adapters", "parent": 113}},
{"pk": 115, "model": "listing.category", "fields": {"industry": [1], "main": false, "displayname": "Microscopes", "name": "microscopes", "parent": 8}},
{"pk": 116, "model": "listing.category", "fields": {"industry": [1], "main": false, "displayname": "Microscope Accessories", "name": "microscope_accessories", "parent": 115}},
{"pk": 117, "model": "listing.category", "fields": {"industry": [1], "main": false, "displayname": "Sample Collection", "name": "sample_collection", "parent": 8}},
{"pk": 118, "model": "listing.category", "fields": {"industry": [1], "main": false, "displayname": "Bags", "name": "bags", "parent": 117}},
{"pk": 119, "model": "listing.category", "fields": {"industry": [1], "main": false, "displayname": "Biopsy Bottles", "name": "biopsy_bottles", "parent": 117}},
{"pk": 120, "model": "listing.category", "fields": {"industry": [1], "main": false, "displayname": "Biopsy Punches", "name": "biopsy_punches", "parent": 117}},
{"pk": 121, "model": "listing.category", "fields": {"industry": [1], "main": false, "displayname": "Biopsy Needles", "name": "biopsy_needles", "parent": 117}},
{"pk": 122, "model": "listing.category", "fields": {"industry": [1], "main": false, "displayname": "Blood Collection", "name": "blood_collection", "parent": 117}},
{"pk": 123, "model": "listing.category", "fields": {"industry": [1], "main": false, "displayname": "Culture & Transport Swabs", "name": "culture_and_transport_swabs", "parent": 117}},
{"pk": 124, "model": "listing.category", "fields": {"industry": [1], "main": false, "displayname": "Pipettes & Bulbs", "name": "pipettes_and_bulbs", "parent": 117}},
{"pk": 125, "model": "listing.category", "fields": {"industry": [1], "main": false, "displayname": "Specimen Containers", "name": "specimen_containers", "parent": 117}},
{"pk": 126, "model": "listing.category", "fields": {"industry": [1], "main": false, "displayname": "Tracheal Wash Kits", "name": "tracheal_wash_kits", "parent": 117}},
{"pk": 127, "model": "listing.category", "fields": {"industry": [1], "main": false, "displayname": "Stopper Tubes", "name": "stopper_tubes", "parent": 117}},
{"pk": 128, "model": "listing.category", "fields": {"industry": [1], "main": false, "displayname": "Antioxidants", "name": "antioxidants", "parent": 9}},
{"pk": 129, "model": "listing.category", "fields": {"industry": [1], "main": false, "displayname": "Anhidrosis", "name": "anhidrosis", "parent": 9}},
{"pk": 130, "model": "listing.category", "fields": {"industry": [1], "main": false, "displayname": "Breeding Performance", "name": "breeding_performance", "parent": 9}},
{"pk": 131, "model": "listing.category", "fields": {"industry": [1], "main": false, "displayname": "Digestive Health", "name": "digestive_health", "parent": 9}},
{"pk": 132, "model": "listing.category", "fields": {"industry": [1], "main": false, "displayname": "Antacid", "name": "antacid", "parent": 131}},
{"pk": 133, "model": "listing.category", "fields": {"industry": [1], "main": false, "displayname": "Dexypanthenol Treatment", "name": "dexypanthenol_treatment", "parent": 131}},
{"pk": 134, "model": "listing.category", "fields": {"industry": [1], "main": false, "displayname": "Enzymes & Probiotics", "name": "enzymes_and_probiotics", "parent": 131}},
{"pk": 135, "model": "listing.category", "fields": {"industry": [1], "main": false, "displayname": "Ulcer Prevention", "name": "ulcer_prevention", "parent": 131}},
{"pk": 136, "model": "listing.category", "fields": {"industry": [1], "main": false, "displayname": "Energy, High-Calorie Supplements", "name": "energy,_highcalorie_supplements", "parent": 9}},
{"pk": 137, "model": "listing.category", "fields": {"industry": [1], "main": false, "displayname": "Fiber Supplements", "name": "fiber_supplements", "parent": 9}},
{"pk": 138, "model": "listing.category", "fields": {"industry": [1], "main": false, "displayname": "Geriatric Support", "name": "geriatric_support", "parent": 9}},
{"pk": 139, "model": "listing.category", "fields": {"industry": [1], "main": false, "displayname": "Immune System Support", "name": "immune_system_support", "parent": 9}},
{"pk": 140, "model": "listing.category", "fields": {"industry": [1], "main": false, "displayname": "Hoof Support", "name": "hoof_support", "parent": 9}},
{"pk": 141, "model": "listing.category", "fields": {"industry": [1], "main": false, "displayname": "Meal Replacers & Supplements", "name": "meal_replacers_and_supplements", "parent": 9}},
{"pk": 142, "model": "listing.category", "fields": {"industry": [1], "main": false, "displayname": "Performance Supplements", "name": "performance_supplements", "parent": 9}},
{"pk": 143, "model": "listing.category", "fields": {"industry": [1], "main": false, "displayname": "Vitamins & Nutritionals", "name": "vitamins_and_nutritionals", "parent": 9}},
{"pk": 144, "model": "listing.category", "fields": {"industry": [1], "main": false, "displayname": "General Vitamin Wellness", "name": "general_vitamin_wellness", "parent": 143}},
{"pk": 145, "model": "listing.category", "fields": {"industry": [1], "main": false, "displayname": "Targeted Nutritional Deficeiencies", "name": "targeted_nutritional_deficeiencies", "parent": 143}},
{"pk": 146, "model": "listing.category", "fields": {"industry": [1], "main": false, "displayname": "Ear Care", "name": "ear_care", "parent": 10}},
{"pk": 147, "model": "listing.category", "fields": {"industry": [1], "main": false, "displayname": "Otics", "name": "otics", "parent": 146}},
{"pk": 148, "model": "listing.category", "fields": {"industry": [1], "main": false, "displayname": "Eyecare", "name": "eyecare", "parent": 10}},
{"pk": 149, "model": "listing.category", "fields": {"industry": [1], "main": false, "displayname": "Contact Lenses", "name": "contact_lenses", "parent": 148}},
{"pk": 150, "model": "listing.category", "fields": {"industry": [1], "main": false, "displayname": "Eye Patches", "name": "eye_patches", "parent": 148}},
{"pk": 151, "model": "listing.category", "fields": {"industry": [1], "main": false, "displayname": "Lacrimal Duct Access", "name": "lacrimal_duct_access", "parent": 148}},
{"pk": 152, "model": "listing.category", "fields": {"industry": [1], "main": false, "displayname": "Lavage Kits", "name": "lavage_kits", "parent": 148}},
{"pk": 153, "model": "listing.category", "fields": {"industry": [1], "main": false, "displayname": "Viscoelastics", "name": "viscoelastics", "parent": 148}},
{"pk": 154, "model": "listing.category", "fields": {"industry": [1], "main": false, "displayname": "Opthalmic Preparation", "name": "opthalmic_preparation", "parent": 148}},
{"pk": 155, "model": "listing.category", "fields": {"industry": [1], "main": false, "displayname": "Anticoagulants", "name": "anticoagulants", "parent": 11}},
{"pk": 156, "model": "listing.category", "fields": {"industry": [1], "main": false, "displayname": "Blood Transfusion", "name": "blood_transfusion", "parent": 11}},
{"pk": 157, "model": "listing.category", "fields": {"industry": [1], "main": false, "displayname": "Fluid Warmers", "name": "fluid_warmers", "parent": 11}},
{"pk": 158, "model": "listing.category", "fields": {"industry": [1], "main": false, "displayname": "IV Management", "name": "iv_management", "parent": 11}},
{"pk": 159, "model": "listing.category", "fields": {"industry": [1], "main": false, "displayname": "IV Pumps", "name": "iv_pumps", "parent": 158}},
{"pk": 160, "model": "listing.category", "fields": {"industry": [1], "main": false, "displayname": "IV Hardware", "name": "iv_hardware", "parent": 158}},
{"pk": 161, "model": "listing.category", "fields": {"industry": [1], "main": false, "displayname": "IV Bags", "name": "iv_bags", "parent": 158}},
{"pk": 162, "model": "listing.category", "fields": {"industry": [1], "main": false, "displayname": "IV Catheters", "name": "iv_catheters", "parent": 11}},
{"pk": 163, "model": "listing.category", "fields": {"industry": [1], "main": false, "displayname": "Catheter Adapters", "name": "catheter_adapters", "parent": 162}},
{"pk": 164, "model": "listing.category", "fields": {"industry": [1], "main": false, "displayname": "Catheter Connectors", "name": "catheter_connectors", "parent": 162}},
{"pk": 165, "model": "listing.category", "fields": {"industry": [1], "main": false, "displayname": "Catheter Injection Caps", "name": "catheter_injection_caps", "parent": 162}},
{"pk": 166, "model": "listing.category", "fields": {"industry": [1], "main": false, "displayname": "Catheter Plugs", "name": "catheter_plugs", "parent": 162}},
{"pk": 167, "model": "listing.category", "fields": {"industry": [1], "main": false, "displayname": "Catheter IV Accessories", "name": "catheter_iv_accessories", "parent": 162}},
{"pk": 168, "model": "listing.category", "fields": {"industry": [1], "main": false, "displayname": "Catheter Stopcocks", "name": "catheter_stopcocks", "parent": 162}},
{"pk": 169, "model": "listing.category", "fields": {"industry": [1], "main": false, "displayname": "IV Sets", "name": "iv_sets", "parent": 162}},
{"pk": 170, "model": "listing.category", "fields": {"industry": [1], "main": false, "displayname": "Needle Gauge Chart", "name": "needle_gauge_chart", "parent": 11}},
{"pk": 171, "model": "listing.category", "fields": {"industry": [1], "main": false, "displayname": "Needle/Syringe Combination", "name": "needlesyringe_combination", "parent": 11}},
{"pk": 172, "model": "listing.category", "fields": {"industry": [1], "main": false, "displayname": "Needles", "name": "needles", "parent": 11}},
{"pk": 173, "model": "listing.category", "fields": {"industry": [1], "main": false, "displayname": "Specialty Needles", "name": "specialty_needles", "parent": 172}},
{"pk": 174, "model": "listing.category", "fields": {"industry": [1], "main": false, "displayname": "Syringes", "name": "syringes", "parent": 11}},
{"pk": 175, "model": "listing.category", "fields": {"industry": [1], "main": false, "displayname": "Insulin Syringes", "name": "insulin_syringes", "parent": 11}},
{"pk": 176, "model": "listing.category", "fields": {"industry": [1], "main": false, "displayname": "Tuberculin Syringes", "name": "tuberculin_syringes", "parent": 11}},
{"pk": 177, "model": "listing.category", "fields": {"industry": [1], "main": false, "displayname": "Drenches & Feeders", "name": "drenches_and_feeders", "parent": 11}},
{"pk": 178, "model": "listing.category", "fields": {"industry": [1], "main": false, "displayname": "Stomach Pumps", "name": "stomach_pumps", "parent": 11}},
{"pk": 179, "model": "listing.category", "fields": {"industry": [1], "main": false, "displayname": "Stomach Tubes", "name": "stomach_tubes", "parent": 11}},
{"pk": 180, "model": "listing.category", "fields": {"industry": [1], "main": false, "displayname": "Respiratory Care", "name": "respiratory_care", "parent": 11}},
{"pk": 181, "model": "listing.category", "fields": {"industry": [1], "main": false, "displayname": "Medication Dispensing", "name": "medication_dispensing", "parent": 11}},
{"pk": 182, "model": "listing.category", "fields": {"industry": [1], "main": false, "displayname": "Gelatin Capsules", "name": "gelatin_capsules", "parent": 181}},
{"pk": 183, "model": "listing.category", "fields": {"industry": [1], "main": false, "displayname": "Medicine Bottles", "name": "medicine_bottles", "parent": 181}},
{"pk": 184, "model": "listing.category", "fields": {"industry": [1], "main": false, "displayname": "Pharmacy Supplies", "name": "pharmacy_supplies", "parent": 181}},
{"pk": 185, "model": "listing.category", "fields": {"industry": [1], "main": false, "displayname": "Pill Crushers & Cutters", "name": "pill_crushers_and_cutters", "parent": 181}},
{"pk": 186, "model": "listing.category", "fields": {"industry": [1], "main": false, "displayname": "Pill Counters", "name": "pill_counters", "parent": 181}},
{"pk": 187, "model": "listing.category", "fields": {"industry": [1], "main": false, "displayname": "Oral Dosers", "name": "oral_dosers", "parent": 181}},
{"pk": 188, "model": "listing.category", "fields": {"industry": [1], "main": false, "displayname": "Automatic Syringes", "name": "automatic_syringes", "parent": 181}},
{"pk": 189, "model": "listing.category", "fields": {"industry": [1], "main": false, "displayname": "Inventory Cabinets", "name": "inventory_cabinets", "parent": 12}},
{"pk": 190, "model": "listing.category", "fields": {"industry": [1], "main": false, "displayname": "Narcotic Safes", "name": "narcotic_safes", "parent": 12}},
{"pk": 191, "model": "listing.category", "fields": {"industry": [1], "main": false, "displayname": "Containers & Dispensers", "name": "containers_and_dispensers", "parent": 12}},
{"pk": 192, "model": "listing.category", "fields": {"industry": [1], "main": false, "displayname": "Sanitation & Odor Control", "name": "sanitation_and_odor_control", "parent": 12}},
{"pk": 193, "model": "listing.category", "fields": {"industry": [1], "main": false, "displayname": "Laundry Detergents", "name": "laundry_detergents", "parent": 192}},
{"pk": 194, "model": "listing.category", "fields": {"industry": [1], "main": false, "displayname": "Scrubs,Surgical Prep & Antiseptic Hand Soaps", "name": "scrubs,surgical_prep_and_antiseptic_hand_soaps", "parent": 192}},
{"pk": 195, "model": "listing.category", "fields": {"industry": [1], "main": false, "displayname": "Premises Cleaners,Disinfectants & Germicides", "name": "premises_cleaners,disinfectants_and_germicides", "parent": 192}},
{"pk": 196, "model": "listing.category", "fields": {"industry": [1], "main": false, "displayname": "Soap & Chemical Dispensers", "name": "soap_and_chemical_dispensers", "parent": 12}},
{"pk": 197, "model": "listing.category", "fields": {"industry": [1], "main": false, "displayname": "Waste Management", "name": "waste_management", "parent": 12}},
{"pk": 198, "model": "listing.category", "fields": {"industry": [1], "main": false, "displayname": "Sharps Disposal", "name": "sharps_disposal", "parent": 197}},
{"pk": 199, "model": "listing.category", "fields": {"industry": [1], "main": false, "displayname": "Waste Disposal", "name": "waste_disposal", "parent": 197}},
{"pk": 200, "model": "listing.category", "fields": {"industry": [1], "main": false, "displayname": "Clippers & Trimmers", "name": "clippers_and_trimmers", "parent": 13}},
{"pk": 201, "model": "listing.category", "fields": {"industry": [1], "main": false, "displayname": "Clipper Blades", "name": "clipper_blades", "parent": 13}},
{"pk": 202, "model": "listing.category", "fields": {"industry": [1], "main": false, "displayname": "Clipper Combs", "name": "clipper_combs", "parent": 13}},
{"pk": 203, "model": "listing.category", "fields": {"industry": [1], "main": false, "displayname": "Blade Care Accessories", "name": "blade_care_accessories", "parent": 13}},
{"pk": 204, "model": "listing.category", "fields": {"industry": [1], "main": false, "displayname": "Blade Care Lubricants & Cleaners", "name": "blade_care_lubricants_and_cleaners", "parent": 13}},
{"pk": 205, "model": "listing.category", "fields": {"industry": [1], "main": false, "displayname": "Grooming Tools", "name": "grooming_tools", "parent": 13}},
{"pk": 206, "model": "listing.category", "fields": {"industry": [1], "main": false, "displayname": "Grooming Hair Polish", "name": "grooming_hair_polish", "parent": 13}},
{"pk": 207, "model": "listing.category", "fields": {"industry": [1], "main": false, "displayname": "Autoclaves", "name": "autoclaves", "parent": 14}},
{"pk": 208, "model": "listing.category", "fields": {"industry": [1], "main": false, "displayname": "Autoclave Supplies", "name": "autoclave_supplies", "parent": 14}},
{"pk": 209, "model": "listing.category", "fields": {"industry": [1], "main": false, "displayname": "Chamber Cleaners", "name": "chamber_cleaners", "parent": 208}},
{"pk": 210, "model": "listing.category", "fields": {"industry": [1], "main": false, "displayname": "Integrators", "name": "integrators", "parent": 208}},
{"pk": 211, "model": "listing.category", "fields": {"industry": [1], "main": false, "displayname": "Indicators", "name": "indicators", "parent": 208}},
{"pk": 212, "model": "listing.category", "fields": {"industry": [1], "main": false, "displayname": "Pouches", "name": "pouches", "parent": 208}},
{"pk": 213, "model": "listing.category", "fields": {"industry": [1], "main": false, "displayname": "Tubing", "name": "tubing", "parent": 208}},
{"pk": 214, "model": "listing.category", "fields": {"industry": [1], "main": false, "displayname": "Ultrasonic Cleaners", "name": "ultrasonic_cleaners", "parent": 14}},
{"pk": 215, "model": "listing.category", "fields": {"industry": [1], "main": false, "displayname": "Cleaners & Presoaks", "name": "cleaners_and_presoaks", "parent": 14}},
{"pk": 216, "model": "listing.category", "fields": {"industry": [1], "main": false, "displayname": "Containers", "name": "containers", "parent": 14}},
{"pk": 217, "model": "listing.category", "fields": {"industry": [1], "main": false, "displayname": "Instrument Care Accessories", "name": "instrument_care_accessories", "parent": 14}},
{"pk": 218, "model": "listing.category", "fields": {"industry": [1], "main": false, "displayname": "Anti-Arthritics", "name": "antiarthritics", "parent": 15}},
{"pk": 219, "model": "listing.category", "fields": {"industry": [1], "main": false, "displayname": "Joint Supplements", "name": "joint_supplements", "parent": 15}},
{"pk": 220, "model": "listing.category", "fields": {"industry": [1], "main": false, "displayname": "Blood Pressure Monitors", "name": "blood_pressure_monitors", "parent": 16}},
{"pk": 221, "model": "listing.category", "fields": {"industry": [1], "main": false, "displayname": "Blood Pressure Cuffs", "name": "blood_pressure_cuffs", "parent": 16}},
{"pk": 222, "model": "listing.category", "fields": {"industry": [1], "main": false, "displayname": "Pulse Oximetry", "name": "pulse_oximetry", "parent": 16}},
{"pk": 223, "model": "listing.category", "fields": {"industry": [1], "main": false, "displayname": "Sensors", "name": "sensors", "parent": 16}},
{"pk": 224, "model": "listing.category", "fields": {"industry": [1], "main": false, "displayname": "Electrocardiography", "name": "electrocardiography", "parent": 16}},
{"pk": 225, "model": "listing.category", "fields": {"industry": [1], "main": false, "displayname": "Capnography", "name": "capnography", "parent": 16}},
{"pk": 226, "model": "listing.category", "fields": {"industry": [1], "main": false, "displayname": "Multiparamter", "name": "multiparamter", "parent": 16}},
{"pk": 227, "model": "listing.category", "fields": {"industry": [1], "main": false, "displayname": "Obstetrics Instruments", "name": "obstetrics_instruments", "parent": 17}},
{"pk": 228, "model": "listing.category", "fields": {"industry": [1], "main": false, "displayname": "Embryotomy Knives", "name": "embryotomy_knives", "parent": 227}},
{"pk": 229, "model": "listing.category", "fields": {"industry": [1], "main": false, "displayname": "Fetatomes", "name": "fetatomes", "parent": 227}},
{"pk": 230, "model": "listing.category", "fields": {"industry": [1], "main": false, "displayname": "Obstetric Delivery Assistance", "name": "obstetric_delivery_assistance", "parent": 17}},
{"pk": 231, "model": "listing.category", "fields": {"industry": [1], "main": false, "displayname": "Calf Pullers", "name": "calf_pullers", "parent": 230}},
{"pk": 232, "model": "listing.category", "fields": {"industry": [1], "main": false, "displayname": "OB Chains & Handles", "name": "ob_chains_and_handles", "parent": 230}},
{"pk": 233, "model": "listing.category", "fields": {"industry": [1], "main": false, "displayname": "OB Wire", "name": "ob_wire", "parent": 230}},
{"pk": 234, "model": "listing.category", "fields": {"industry": [1], "main": false, "displayname": "OB Wire Guides", "name": "ob_wire_guides", "parent": 230}},
{"pk": 235, "model": "listing.category", "fields": {"industry": [1], "main": false, "displayname": "OB Lubes", "name": "ob_lubes", "parent": 17}},
{"pk": 236, "model": "listing.category", "fields": {"industry": [1], "main": false, "displayname": "Laryngoplasty Kits", "name": "laryngoplasty_kits", "parent": 18}},
{"pk": 237, "model": "listing.category", "fields": {"industry": [1], "main": false, "displayname": "External Skeletal Fixation", "name": "external_skeletal_fixation", "parent": 18}},
{"pk": 238, "model": "listing.category", "fields": {"industry": [1], "main": false, "displayname": "Drill Bit", "name": "drill_bit", "parent": 18}},
{"pk": 239, "model": "listing.category", "fields": {"industry": [1], "main": false, "displayname": "Internal Fixation Products", "name": "internal_fixation_products", "parent": 18}},
{"pk": 240, "model": "listing.category", "fields": {"industry": [1], "main": false, "displayname": "Anthelmintics & Boticides", "name": "anthelmintics_and_boticides", "parent": 19}},
{"pk": 241, "model": "listing.category", "fields": {"industry": [1], "main": false, "displayname": "Insecticides", "name": "insecticides", "parent": 19}},
{"pk": 242, "model": "listing.category", "fields": {"industry": [1], "main": false, "displayname": "Environmental Treatments", "name": "environmental_treatments", "parent": 241}},
{"pk": 243, "model": "listing.category", "fields": {"industry": [1], "main": false, "displayname": "Baits", "name": "baits", "parent": 242}},
{"pk": 244, "model": "listing.category", "fields": {"industry": [1], "main": false, "displayname": "Foggers", "name": "foggers", "parent": 242}},
{"pk": 245, "model": "listing.category", "fields": {"industry": [1], "main": false, "displayname": "Spray & Liquids", "name": "spray_and_liquids", "parent": 242}},
{"pk": 246, "model": "listing.category", "fields": {"industry": [1], "main": false, "displayname": "Strips & Traps", "name": "strips_and_traps", "parent": 242}},
{"pk": 247, "model": "listing.category", "fields": {"industry": [1], "main": false, "displayname": "Feed-Through", "name": "feedthrough", "parent": 241}},
{"pk": 248, "model": "listing.category", "fields": {"industry": [1], "main": false, "displayname": "Topical", "name": "topical", "parent": 241}},
{"pk": 249, "model": "listing.category", "fields": {"industry": [1], "main": false, "displayname": "Anabolic Agents", "name": "anabolic_agents", "parent": 20}},
{"pk": 250, "model": "listing.category", "fields": {"industry": [1], "main": false, "displayname": "Analgesics", "name": "analgesics", "parent": 20}},
{"pk": 251, "model": "listing.category", "fields": {"industry": [1], "main": false, "displayname": "Antacid & Adsorbent Preparations", "name": "antacid_and_adsorbent_preparations", "parent": 20}},
{"pk": 252, "model": "listing.category", "fields": {"industry": [1], "main": false, "displayname": "Antibiotics", "name": "antibiotics", "parent": 20}},
{"pk": 253, "model": "listing.category", "fields": {"industry": [1], "main": false, "displayname": "Boluses", "name": "boluses", "parent": 252}},
{"pk": 254, "model": "listing.category", "fields": {"industry": [1], "main": false, "displayname": "Injectables", "name": "injectables", "parent": 252}},
{"pk": 255, "model": "listing.category", "fields": {"industry": [1], "main": false, "displayname": "Soluble Powders", "name": "soluble_powders", "parent": 252}},
{"pk": 256, "model": "listing.category", "fields": {"industry": [1], "main": false, "displayname": "Antidiarrheals", "name": "antidiarrheals", "parent": 20}},
{"pk": 257, "model": "listing.category", "fields": {"industry": [1], "main": false, "displayname": "Antidotes", "name": "antidotes", "parent": 20}},
{"pk": 258, "model": "listing.category", "fields": {"industry": [1], "main": false, "displayname": "Antihistamines", "name": "antihistamines", "parent": 20}},
{"pk": 259, "model": "listing.category", "fields": {"industry": [1], "main": false, "displayname": "Anti-inflammatories", "name": "antiinflammatories", "parent": 20}},
{"pk": 260, "model": "listing.category", "fields": {"industry": [1], "main": false, "displayname": "Antiprotozoal Agents", "name": "antiprotozoal_agents", "parent": 20}},
{"pk": 261, "model": "listing.category", "fields": {"industry": [1], "main": false, "displayname": "Antiseptics", "name": "antiseptics", "parent": 20}},
{"pk": 262, "model": "listing.category", "fields": {"industry": [1], "main": false, "displayname": "Antitussives", "name": "antitussives", "parent": 20}},
{"pk": 263, "model": "listing.category", "fields": {"industry": [1], "main": false, "displayname": "Autonomic Drugs", "name": "autonomic_drugs", "parent": 20}},
{"pk": 264, "model": "listing.category", "fields": {"industry": [1], "main": false, "displayname": "Bronchodilators & Expectorants", "name": "bronchodilators_and_expectorants", "parent": 20}},
{"pk": 265, "model": "listing.category", "fields": {"industry": [1], "main": false, "displayname": "Counterirritants", "name": "counterirritants", "parent": 20}},
{"pk": 266, "model": "listing.category", "fields": {"industry": [1], "main": false, "displayname": "Diuretics", "name": "diuretics", "parent": 20}},
{"pk": 267, "model": "listing.category", "fields": {"industry": [1], "main": false, "displayname": "Dopamine Receptor Agonists", "name": "dopamine_receptor_agonists", "parent": 20}},
{"pk": 268, "model": "listing.category", "fields": {"industry": [1], "main": false, "displayname": "Euthanasia Agents", "name": "euthanasia_agents", "parent": 20}},
{"pk": 269, "model": "listing.category", "fields": {"industry": [1], "main": false, "displayname": "Fluid Therapy", "name": "fluid_therapy", "parent": 20}},
{"pk": 270, "model": "listing.category", "fields": {"industry": [1], "main": false, "displayname": "Hormones & Analogs", "name": "hormones_and_analogs", "parent": 20}},
{"pk": 271, "model": "listing.category", "fields": {"industry": [1], "main": false, "displayname": "Oxytocin", "name": "oxytocin", "parent": 270}},
{"pk": 272, "model": "listing.category", "fields": {"industry": [1], "main": false, "displayname": "Progestins", "name": "progestins", "parent": 20}},
{"pk": 273, "model": "listing.category", "fields": {"industry": [1], "main": false, "displayname": "Thyroid & Analogs", "name": "thyroid_and_analogs", "parent": 20}},
{"pk": 274, "model": "listing.category", "fields": {"industry": [1], "main": false, "displayname": "Immunostimulants", "name": "immunostimulants", "parent": 20}},
{"pk": 275, "model": "listing.category", "fields": {"industry": [1], "main": false, "displayname": "Joint Lavage", "name": "joint_lavage", "parent": 20}},
{"pk": 276, "model": "listing.category", "fields": {"industry": [1], "main": false, "displayname": "Laxatives", "name": "laxatives", "parent": 20}},
{"pk": 277, "model": "listing.category", "fields": {"industry": [1], "main": false, "displayname": "Respiratory Stimulants", "name": "respiratory_stimulants", "parent": 20}},
{"pk": 278, "model": "listing.category", "fields": {"industry": [1], "main": false, "displayname": "Sedatives & Tranquilizers", "name": "sedatives_and_tranquilizers", "parent": 20}},
{"pk": 279, "model": "listing.category", "fields": {"industry": [1], "main": false, "displayname": "Sterile Water, Diluents & Stabilizers", "name": "sterile_water,_diluents_and_stabilizers", "parent": 20}},
{"pk": 280, "model": "listing.category", "fields": {"industry": [1], "main": false, "displayname": "Surgical Tissue Protectants", "name": "surgical_tissue_protectants", "parent": 20}},
{"pk": 281, "model": "listing.category", "fields": {"industry": [1], "main": false, "displayname": "Uterine Preparations", "name": "uterine_preparations", "parent": 20}},
{"pk": 282, "model": "listing.category", "fields": {"industry": [1], "main": false, "displayname": "Headware", "name": "headware", "parent": 21}},
{"pk": 283, "model": "listing.category", "fields": {"industry": [1], "main": false, "displayname": "Ear Protection", "name": "ear_protection", "parent": 21}},
{"pk": 284, "model": "listing.category", "fields": {"industry": [1], "main": false, "displayname": "Eyewear", "name": "eyewear", "parent": 21}},
{"pk": 285, "model": "listing.category", "fields": {"industry": [1], "main": false, "displayname": "Masks", "name": "masks", "parent": 21}},
{"pk": 286, "model": "listing.category", "fields": {"industry": [1], "main": false, "displayname": "Finger Cots", "name": "finger_cots", "parent": 21}},
{"pk": 287, "model": "listing.category", "fields": {"industry": [1], "main": false, "displayname": "Gloves", "name": "gloves", "parent": 21}},
{"pk": 288, "model": "listing.category", "fields": {"industry": [1], "main": false, "displayname": "Utility Gloves", "name": "utility_gloves", "parent": 287}},
{"pk": 289, "model": "listing.category", "fields": {"industry": [1], "main": false, "displayname": "Exam Gloves", "name": "exam_gloves", "parent": 287}},
{"pk": 290, "model": "listing.category", "fields": {"industry": [1], "main": false, "displayname": "Surgical Gloves", "name": "surgical_gloves", "parent": 287}},
{"pk": 291, "model": "listing.category", "fields": {"industry": [1], "main": false, "displayname": "Sleeves", "name": "sleeves", "parent": 21}},
{"pk": 292, "model": "listing.category", "fields": {"industry": [1], "main": false, "displayname": "Gowns", "name": "gowns", "parent": 21}},
{"pk": 293, "model": "listing.category", "fields": {"industry": [1], "main": false, "displayname": "Coveralls", "name": "coveralls", "parent": 21}},
{"pk": 294, "model": "listing.category", "fields": {"industry": [1], "main": false, "displayname": "Scrubs & Lab Coats", "name": "scrubs_and_lab_coats", "parent": 21}},
{"pk": 295, "model": "listing.category", "fields": {"industry": [1], "main": false, "displayname": "OB Protective Wear", "name": "ob_protective_wear", "parent": 21}},
{"pk": 296, "model": "listing.category", "fields": {"industry": [1], "main": false, "displayname": "Boot & Shoe Covers", "name": "boot_and_shoe_covers", "parent": 21}},
{"pk": 297, "model": "listing.category", "fields": {"industry": [1], "main": false, "displayname": "Collection", "name": "collection", "parent": 22}},
{"pk": 298, "model": "listing.category", "fields": {"industry": [1], "main": false, "displayname": "Artificial Vaginas", "name": "artificial_vaginas", "parent": 297}},
{"pk": 299, "model": "listing.category", "fields": {"industry": [1], "main": false, "displayname": "Breeding Bags & Collection Filters", "name": "breeding_bags_and_collection_filters", "parent": 297}},
{"pk": 300, "model": "listing.category", "fields": {"industry": [1], "main": false, "displayname": "Semen Collection Cones", "name": "semen_collection_cones", "parent": 297}},
{"pk": 301, "model": "listing.category", "fields": {"industry": [1], "main": false, "displayname": "Embryo Collection", "name": "embryo_collection", "parent": 297}},
{"pk": 302, "model": "listing.category", "fields": {"industry": [1], "main": false, "displayname": "Lubes", "name": "lubes", "parent": 22}},
{"pk": 303, "model": "listing.category", "fields": {"industry": [1], "main": false, "displayname": "Evaluation Dishes", "name": "evaluation_dishes", "parent": 22}},
{"pk": 304, "model": "listing.category", "fields": {"industry": [1], "main": false, "displayname": "Insemination", "name": "insemination", "parent": 22}},
{"pk": 305, "model": "listing.category", "fields": {"industry": [1], "main": false, "displayname": "Infusion Pipettes", "name": "infusion_pipettes", "parent": 304}},
{"pk": 306, "model": "listing.category", "fields": {"industry": [1], "main": false, "displayname": "Kits", "name": "kits", "parent": 304}},
{"pk": 307, "model": "listing.category", "fields": {"industry": [1], "main": false, "displayname": "Transfer Devices", "name": "transfer_devices", "parent": 304}},
{"pk": 308, "model": "listing.category", "fields": {"industry": [1], "main": false, "displayname": "Cryopreservation", "name": "cryopreservation", "parent": 22}},
{"pk": 309, "model": "listing.category", "fields": {"industry": [1], "main": false, "displayname": "Holding Media", "name": "holding_media", "parent": 22}},
{"pk": 310, "model": "listing.category", "fields": {"industry": [1], "main": false, "displayname": "Transfer Filters", "name": "transfer_filters", "parent": 22}},
{"pk": 311, "model": "listing.category", "fields": {"industry": [1], "main": false, "displayname": "Transfer Solutions", "name": "transfer_solutions", "parent": 22}},
{"pk": 312, "model": "listing.category", "fields": {"industry": [1], "main": false, "displayname": "Semen Extenders", "name": "semen_extenders", "parent": 22}},
{"pk": 313, "model": "listing.category", "fields": {"industry": [1], "main": false, "displayname": "Sheath Care Products", "name": "sheath_care_products", "parent": 22}},
{"pk": 314, "model": "listing.category", "fields": {"industry": [1], "main": false, "displayname": "Reproduction Instruments", "name": "reproduction_instruments", "parent": 22}},
{"pk": 315, "model": "listing.category", "fields": {"industry": [1], "main": false, "displayname": "Foot/Hoof Care", "name": "foothoof_care", "parent": 23}},
{"pk": 316, "model": "listing.category", "fields": {"industry": [1], "main": false, "displayname": "Hoof Support Stands", "name": "hoof_support_stands", "parent": 315}},
{"pk": 317, "model": "listing.category", "fields": {"industry": [1], "main": false, "displayname": "Blocks & Adhesives", "name": "blocks_and_adhesives", "parent": 315}},
{"pk": 318, "model": "listing.category", "fields": {"industry": [1], "main": false, "displayname": "Hoof Care Instruments", "name": "hoof_care_instruments", "parent": 315}},
{"pk": 319, "model": "listing.category", "fields": {"industry": [1], "main": false, "displayname": "Hoof Repair Kits", "name": "hoof_repair_kits", "parent": 315}},
{"pk": 320, "model": "listing.category", "fields": {"industry": [1], "main": false, "displayname": "Protective Coverings", "name": "protective_coverings", "parent": 315}},
{"pk": 321, "model": "listing.category", "fields": {"industry": [1], "main": false, "displayname": "Treatments, Padding & Dressing", "name": "treatments,_padding_and_dressing", "parent": 315}},
{"pk": 322, "model": "listing.category", "fields": {"industry": [1], "main": false, "displayname": "Boarding & Holding", "name": "boarding_and_holding", "parent": 24}},
{"pk": 323, "model": "listing.category", "fields": {"industry": [1], "main": false, "displayname": "Cabinets", "name": "cabinets", "parent": 24}},
{"pk": 324, "model": "listing.category", "fields": {"industry": [1], "main": false, "displayname": "Lighting", "name": "lighting", "parent": 24}},
{"pk": 325, "model": "listing.category", "fields": {"industry": [1], "main": false, "displayname": "Scales", "name": "scales", "parent": 24}},
{"pk": 326, "model": "listing.category", "fields": {"industry": [1], "main": false, "displayname": "Seating", "name": "seating", "parent": 24}},
{"pk": 327, "model": "listing.category", "fields": {"industry": [1], "main": false, "displayname": "Sinks & Tubs", "name": "sinks_and_tubs", "parent": 24}},
{"pk": 328, "model": "listing.category", "fields": {"industry": [1], "main": false, "displayname": "Tables", "name": "tables", "parent": 24}},
{"pk": 329, "model": "listing.category", "fields": {"industry": [1], "main": false, "displayname": "Cryosurgery", "name": "cryosurgery", "parent": 25}},
{"pk": 330, "model": "listing.category", "fields": {"industry": [1], "main": false, "displayname": "Electrosurgery", "name": "electrosurgery", "parent": 25}},
{"pk": 331, "model": "listing.category", "fields": {"industry": [1], "main": false, "displayname": "Endoscopy", "name": "endoscopy", "parent": 25}},
{"pk": 332, "model": "listing.category", "fields": {"industry": [1], "main": false, "displayname": "Surgical Instruments", "name": "surgical_instruments", "parent": 25}},
{"pk": 333, "model": "listing.category", "fields": {"industry": [1], "main": false, "displayname": "Surgical Packs", "name": "surgical_packs", "parent": 332}},
{"pk": 334, "model": "listing.category", "fields": {"industry": [1], "main": false, "displayname": "Surgical Forceps", "name": "surgical_forceps", "parent": 332}},
{"pk": 335, "model": "listing.category", "fields": {"industry": [1], "main": false, "displayname": "Surgical Needle Holders", "name": "surgical_needle_holders", "parent": 332}},
{"pk": 336, "model": "listing.category", "fields": {"industry": [1], "main": false, "displayname": "Surgical Scalpels", "name": "surgical_scalpels", "parent": 332}},
{"pk": 337, "model": "listing.category", "fields": {"industry": [1], "main": false, "displayname": "Scissors", "name": "scissors", "parent": 332}},
{"pk": 338, "model": "listing.category", "fields": {"industry": [1], "main": false, "displayname": "Staples & Staple Removers", "name": "staples_and_staple_removers", "parent": 25}},
{"pk": 339, "model": "listing.category", "fields": {"industry": [1], "main": false, "displayname": "Suture Needles", "name": "suture_needles", "parent": 25}},
{"pk": 340, "model": "listing.category", "fields": {"industry": [1], "main": false, "displayname": "Sutures", "name": "sutures", "parent": 25}},
{"pk": 341, "model": "listing.category", "fields": {"industry": [1], "main": false, "displayname": "Towels", "name": "towels", "parent": 25}},
{"pk": 342, "model": "listing.category", "fields": {"industry": [1], "main": false, "displayname": "Wound Flushing", "name": "wound_flushing", "parent": 26}},
{"pk": 343, "model": "listing.category", "fields": {"industry": [1], "main": false, "displayname": "PRP Kits", "name": "prp_kits", "parent": 26}},
{"pk": 344, "model": "listing.category", "fields": {"industry": [1], "main": false, "displayname": "Blood Stop Products", "name": "blood_stop_products", "parent": 26}},
{"pk": 345, "model": "listing.category", "fields": {"industry": [1], "main": false, "displayname": "Topical Wound Treatments", "name": "topical_wound_treatments", "parent": 26}},
{"pk": 346, "model": "listing.category", "fields": {"industry": [1], "main": false, "displayname": "Disinfectants", "name": "disinfectants", "parent": 26}},
{"pk": 347, "model": "listing.category", "fields": {"industry": [1], "main": false, "displayname": "Cotton", "name": "cotton", "parent": 26}},
{"pk": 348, "model": "listing.category", "fields": {"industry": [1], "main": false, "displayname": "Dressings", "name": "dressings", "parent": 26}},
{"pk": 349, "model": "listing.category", "fields": {"industry": [1], "main": false, "displayname": "Gauze & Sponges", "name": "gauze_and_sponges", "parent": 26}},
{"pk": 350, "model": "listing.category", "fields": {"industry": [1], "main": false, "displayname": "X-Ray Machines", "name": "xray_machines", "parent": 27}},
{"pk": 351, "model": "listing.category", "fields": {"industry": [1], "main": false, "displayname": "Stationary X-Ray Machines", "name": "stationary_xray_machines", "parent": 350}},
{"pk": 352, "model": "listing.category", "fields": {"industry": [1], "main": false, "displayname": "Portable X-Ray Machines", "name": "portable_xray_machines", "parent": 350}},
{"pk": 353, "model": "listing.category", "fields": {"industry": [1], "main": false, "displayname": "Stationary X-Ray Accessories", "name": "stationary_xray_accessories", "parent": 350}},
{"pk": 354, "model": "listing.category", "fields": {"industry": [1], "main": false, "displayname": "X-Ray Positioners", "name": "xray_positioners", "parent": 27}},
{"pk": 355, "model": "listing.category", "fields": {"industry": [1], "main": false, "displayname": "Cassettes", "name": "cassettes", "parent": 27}},
{"pk": 356, "model": "listing.category", "fields": {"industry": [1], "main": false, "displayname": "Screens", "name": "screens", "parent": 27}},
{"pk": 357, "model": "listing.category", "fields": {"industry": [1], "main": false, "displayname": "Film", "name": "film", "parent": 27}},
{"pk": 358, "model": "listing.category", "fields": {"industry": [1], "main": false, "displayname": "Film Accessories", "name": "film_accessories", "parent": 27}},
{"pk": 359, "model": "listing.category", "fields": {"industry": [1], "main": false, "displayname": "Film Storage Bins", "name": "film_storage_bins", "parent": 27}},
{"pk": 360, "model": "listing.category", "fields": {"industry": [1], "main": false, "displayname": "Illuminators", "name": "illuminators", "parent": 27}},
{"pk": 361, "model": "listing.category", "fields": {"industry": [1], "main": false, "displayname": "Safelights", "name": "safelights", "parent": 27}},
{"pk": 362, "model": "listing.category", "fields": {"industry": [1], "main": false, "displayname": "Film Processors", "name": "film_processors", "parent": 27}},
{"pk": 363, "model": "listing.category", "fields": {"industry": [1], "main": false, "displayname": "Tank Thermometers", "name": "tank_thermometers", "parent": 27}},
{"pk": 364, "model": "listing.category", "fields": {"industry": [1], "main": false, "displayname": "X-Ray Chemicals", "name": "xray_chemicals", "parent": 27}},
{"pk": 365, "model": "listing.category", "fields": {"industry": [1], "main": false, "displayname": "X-Ray Aprons", "name": "xray_aprons", "parent": 27}},
{"pk": 366, "model": "listing.category", "fields": {"industry": [1], "main": false, "displayname": "X-Ray Gloves & Hand Shields", "name": "xray_gloves_and_hand_shields", "parent": 27}},
{"pk": 367, "model": "listing.category", "fields": {"industry": [1], "main": false, "displayname": "X-Ray Collars", "name": "xray_collars", "parent": 27}},
{"pk": 368, "model": "listing.category", "fields": {"industry": [1], "main": false, "displayname": "X-Ray Lead Blockers", "name": "xray_lead_blockers", "parent": 27}},
{"pk": 1, "model": "listing.manufacturer", "fields": {"name":"zoetis", "displayname": "Zoetis","description":"Zoetis is a global animal health company dedicated to supporting customers and their businesses in ever better ways."}},
{"pk": 2, "model": "listing.manufacturer", "fields": {"name":"merck", "displayname": "Merck"}},
{"pk": 3, "model": "listing.manufacturer", "fields": {"name":"merial", "displayname": "Merial"}},
{"pk": 4, "model": "listing.manufacturer", "fields": {"name":"wickliffe", "displayname": "Wickliffe Veterinary Pharmacy"}},
{"pk": 5, "model": "listing.manufacturer", "fields": {"name":"abscience", "displayname": "A/B Sciences"}},
{"pk": 6, "model": "listing.manufacturer", "fields": {"name":"agpharmaceutical", "displayname": "A&G Pharmaceuticals"}},
{"pk": 7, "model": "listing.manufacturer", "fields": {"name":"henryschein", "displayname": "Henry Schein"}},

{"pk": 1, "model": "listing.product", "fields": {"name":"banamine_paste", "displayname":"Banamine Paste","description": "Banamine Paste Description","category":259,"manufacturer":1,"averagerating":32}},
{"pk": 2, "model": "listing.product", "fields": {"name":"rimadyl_chewable_tablets", "displayname":"Rimadyl Chewable Tablets","description": "Rimadyl Description","category":259,"manufacturer":1,"averagerating":42}},
{"pk": 3, "model": "listing.product", "fields": {"name":"butaject_phenylbutazone_20", "displayname":"Butaject Phenylbutazone 20%","description": "Banamine Paste Description","category":259,"manufacturer":2,"averagerating":28}},
{"pk": 4, "model": "listing.product", "fields": {"name":"apple_flavored_aspirin_powder", "displayname":"Apple Flavored Aspirin Powder","description": "Apple Flavored Aspirin Powder Description","category":259,"manufacturer":3,"averagerating":25}},
{"pk": 5, "model": "listing.product", "fields": {"name":"phenylbutazone_oral_paste", "displayname":"Phenylbutazone Apple Flavor Paste","description": "Oral Paste Description","category":259,"manufacturer":7,"averagerating":50,"views":32,"purchases":6}},
{"pk": 6, "model": "listing.product", "fields": {"name":"equizone_phenybutazone_powder", 
													"displayname":"Equizone Phenylbutazone Powder",
													"description": "Equizone 100  was the  FIRST FDA approved phenylbutazone powder on the market.  A  palatable bute ( citrus flavored) powder approved for oral use in horses by the FDA.  Equizone 100 and Equizone 50 are  both made from all natural sweetners, no artificial sweetners added.",
													"category":259,
													"manufacturer":6,
													"averagerating":50}},
{"pk": 7, "model": "listing.product", "fields": {"name":"ivermectin_capsules", "displayname":"Ivermectin Capsules","description": "Oral Paste Description","category":230,"manufacturer":7,"averagerating":50,"views":40,"purchases":3}},
{"pk": 8, "model": "listing.product", "fields": {"name":"reserpine_oral_granules", "displayname":"Resperine: Oral Granules","description": "Oral Paste Description","category":230,"manufacturer":7,"averagerating":40,"views":62,"purchases":7}},


{"pk": 1, "model": "listing.item", "fields": {"product":1, "manufacturer_no": 1234567,"description":"1500mg Syringe","msrp_price":5431}},
{"pk": 2, "model": "listing.item", "fields": {"product":2, "manufacturer_no": 193901,"description":"25mg","msrp_price":2331}},
{"pk": 3, "model": "listing.item", "fields": {"product":2, "manufacturer_no": 193902,"description":"100mg","msrp_price":5431}},
{"pk": 4, "model": "listing.item", "fields": {"product":3, "manufacturer_no": 193901,"description":"100ml Vial","msrp_price":3431}},
{"pk": 5, "model": "listing.item", "fields": {"product":4, "manufacturer_no": 193902,"description":"1lb Jar","msrp_price":1492}},
{"pk": 6, "model": "listing.item", "fields": {"product":5, "manufacturer_no": 193901,"description":"100ml","msrp_price":3231}},
{"pk": 7, "model": "listing.item", "fields": {"product":6, "manufacturer_no": 139383,"description":"1.1lb Jar","msrp_price":1431}},
{"pk": 8, "model": "listing.item", "fields": {"product":6, "manufacturer_no": 149384,"description":"2.2lb Jar","msrp_price":2231}},
{"pk": 9, "model": "listing.item", "fields": {"product":7, "manufacturer_no": "39SIN39","description":"2 mcg/ml","msrp_price":1431}},
{"pk": 10, "model": "listing.item", "fields": {"product":8, "manufacturer_no": "1SWD384","description":"2.5mg/scoop","msrp_price":2231}},

{"pk": 1, "model": "listing.inventory", "fields": {"item":1, "base_price": 5113,"supplier":2,"quantity_available":2}},
{"pk": 2, "model": "listing.inventory", "fields": {"item":2, "base_price": 4992,"supplier":2,"quantity_available":8}},
{"pk": 3, "model": "listing.inventory", "fields": {"item":2, "base_price": 5092,"supplier":3,"quantity_available":4}},
{"pk": 4, "model": "listing.inventory", "fields": {"item":3, "base_price": 4992,"supplier":2,"quantity_available":8}},
{"pk": 5, "model": "listing.inventory", "fields": {"item":4, "base_price": 5092,"supplier":3,"quantity_available":4}},
{"pk": 6, "model": "listing.inventory", "fields": {"item":5, "base_price": 4992,"supplier":2,"quantity_available":8}},
{"pk": 7, "model": "listing.inventory", "fields": {"item":6, "base_price": 1392,"supplier":3,"quantity_available":8}},
{"pk": 8, "model": "listing.inventory", "fields": {"item":7, "base_price": 1129,"supplier":2,"quantity_available":4}},
{"pk": 9, "model": "listing.inventory", "fields": {"item":8, "base_price": 1376,"supplier":2,"quantity_available":4}},
{
    "pk": 1,
    "model": "checkout.cartitem",
    "fields": {
         "shoppingcart":1,
         "date_added":"2013-10-28T04:36:12.295Z",
         "address":1,
         "inventory":2,
         "item":1,
         "quantity": 4
    }
},
{
    "pk": 2,
    "model": "checkout.cartitem",
    "fields": {
         "shoppingcart":1,
         "date_added":"2013-10-28T04:36:12.295Z",
         "address":1,
         "inventory":7,
         "item":7,
         "quantity": 4
    }
},
{
    "pk": 1,
    "model": "checkout.cartitem",
    "fields": {
         "shoppingcart":1,
         "date_added":"2013-10-28T04:36:12.295Z",
         "address":1,
         "inventory":7,
         "item":2,
         "quantity": 2
    }
}
]






