[
	{
		"pk": 1,
		"model": "deviceapp.industry",
		"fields": {
			"name": "veterinary",
			"displayname" : "Veterinary" 
		}
	},
	{"pk": 1,"model": "deviceapp.category","fields": {"name": "anesthesia","displayname":"Anesthesia","industry" : 1,"totalunits":0}},
	{"pk": 2,"model": "deviceapp.category","fields": {"name": "aspirators","displayname":"Aspirators","industry" : 1,"totalunits":0}},
	{"pk": 3,"model": "deviceapp.category","fields": {"name": "boardingandholding","displayname":"Boarding and Holding","industry" : 1,"totalunits":0}},
	{"pk": 4,"model": "deviceapp.category","fields": {"name": "criticalcareandrecovery","displayname":"Critical Care and Recovery","industry" : 1,"totalunits":0}},
	{"pk": 5,"model": "deviceapp.category","fields": {"name": "dental","displayname":"Dental","industry" : 1,"totalunits":0}},
	{"pk": 6,"model": "deviceapp.category","fields": {"name": "diagnostic","displayname":"Diagnostic","industry" : 1,"totalunits":0}},
	{"pk": 7,"model": "deviceapp.category","fields": {"name": "electrosurgeryandcryosurgery","displayname":"Electrosurgery and Cryosurgery","industry" : 1,"totalunits":0}},
	{"pk": 8,"model": "deviceapp.category","fields": {"name": "fluidadministration","displayname":"Fluid Administration","industry" : 1,"totalunits":0}},
	{"pk": 9,"model": "deviceapp.category","fields": {"name": "grooming","displayname":"Grooming","industry" : 1,"totalunits":0}},
	{"pk": 10,"model": "deviceapp.category","fields": {"name": "instruments","displayname":"Instruments","industry" : 1,"totalunits":0}},
	{"pk": 11,"model": "deviceapp.category","fields": {"name": "lab","displayname":"Lab","industry" : 1,"totalunits":0}},
	{"pk": 12,"model": "deviceapp.category","fields": {"name": "largeanimalspecialty","displayname":"Large Animal Specialty","industry" : 1,"totalunits":0}},
	{"pk": 13,"model": "deviceapp.category","fields": {"name": "lighting","displayname":"Lighting","industry" : 1,"totalunits":0}},
	{"pk": 14,"model": "deviceapp.category","fields": {"name": "monitors","displayname":"Monitors","industry" : 1,"totalunits":0}},
	{"pk": 15,"model": "deviceapp.category","fields": {"name": "monitorreplacementaccessories","displayname":"Monitor Replacement Accessories","industry" : 1,"totalunits":0}},
	{"pk": 16,"model": "deviceapp.category","fields": {"name": "mricompatible","displayname":"MRI Compatible","industry" : 1,"totalunits":0}},
	{"pk": 17,"model": "deviceapp.category","fields": {"name": "narcoticsafes","displayname":"Narcotic Safes","industry" : 1,"totalunits":0}},
	{"pk": 18,"model": "deviceapp.category","fields": {"name": "orthopedic","displayname":"Orthopedic","industry" : 1,"totalunits":0}},
	{"pk": 19,"model": "deviceapp.category","fields": {"name": "patienttransportandhandling","displayname":"Patient Transport and Handling","industry" : 1,"totalunits":0}},
	{"pk": 20,"model": "deviceapp.category","fields": {"name": "patientwarming","displayname":"Patient Warming","industry" : 1,"totalunits":0}},
	{"pk": 21,"model": "deviceapp.category","fields": {"name": "pharmacy","displayname":"Pharmacy","industry" : 1,"totalunits":0}},
	{"pk": 22,"model": "deviceapp.category","fields": {"name": "rentalopportunities","displayname":"Rental Opportunities","industry" : 1,"totalunits":0}},
	{"pk": 23,"model": "deviceapp.category","fields": {"name": "scales","displayname":"Scales","industry" : 1,"totalunits":0}},
	{"pk": 24,"model": "deviceapp.category","fields": {"name": "seating","displayname":"Seating","industry" : 1,"totalunits":0}},
	{"pk": 25,"model": "deviceapp.category","fields": {"name": "sinks","displayname":"Sinks","industry" : 1,"totalunits":0}},
	{"pk": 26,"model": "deviceapp.category","fields": {"name": "sterilization","displayname":"Sterilization","industry" : 1,"totalunits":0}},
	{"pk": 27,"model": "deviceapp.category","fields": {"name": "tables","displayname":"Tables","industry" : 1,"totalunits":0}},
	{"pk": 28,"model": "deviceapp.category","fields": {"name": "therapyandrehabiliation","displayname":"Therapy and Rehabiliation","industry" : 1,"totalunits":0}},
	{"pk": 29,"model": "deviceapp.category","fields": {"name": "ultrasound","displayname":"Ultrasound","industry" : 1,"totalunits":0}},
	{"pk": 30,"model": "deviceapp.category","fields": {"name": "xray","displayname":"X Ray","industry" : 1,"totalunits":0}},
	
	{"pk": 1,"model": "deviceapp.subcategory","fields": {"name": "smallanimalmobile","displayname":"Small Animal Mobile","category" : 1,"totalunits":0}},
	{"pk": 1,"model": "deviceapp.subcategory","fields": {"name": "smallanimaltabletopwallmount","displayname":"Small Animal TableTop/Wall Mount","category" : 1,"totalunits":0}},
	{"pk": 1,"model": "deviceapp.subcategory","fields": {"name": "smallanimalresearchlab","displayname":"Small Animal Research/Lab","category" : 1,"totalunits":0}},
	{"pk": 1,"model": "deviceapp.subcategory","fields": {"name": "smallanimalmricompatible","displayname":"Small Animal MRI Comptabile","category" : 1,"totalunits":0}},
	{"pk": 1,"model": "deviceapp.subcategory","fields": {"name": "largeanimal","displayname":"Large Animal","category" : 1,"totalunits":0}},
	{"pk": 1,"model": "deviceapp.subcategory","fields": {"name": "activescavengingsystems","displayname":"Active Scavaging Systems","category" : 1,"totalunits":0}},
	{"pk": 1,"model": "deviceapp.subcategory","fields": {"name": "passivescavengingsystems","displayname":"Passive Scavaging Systems","category" : 1,"totalunits":0}},
	{"pk": 1,"model": "deviceapp.subcategory","fields": {"name": "gassupply","displayname":"Gas Supply","category" : 1,"totalunits":0}},
	{"pk": 1,"model": "deviceapp.subcategory","fields": {"name": "inductionchamber","displayname":"Induction Chamber","category" : 1,"totalunits":0}},
	{"pk": 1,"model": "deviceapp.subcategory","fields": {"name": "ventilators","displayname":"Ventilators","category" : 1,"totalunits":0}},
	{"pk": 1,"model": "deviceapp.subcategory","fields": {"name": "cuffsafe","displayname":"Cuff Safe","category" : 1,"totalunits":0}},
	{"pk": 1,"model": "deviceapp.subcategory","fields": {"name": "huguvac","displayname":"Hug-U-Vac","category" : 1,"totalunits":0}},
	
	
	{"pk": 1,"model": "deviceapp.subcategory","fields": {"name": "aspirators","displayname":"Asiprators","category" : 2,"totalunits":0}},
	{"pk": 1,"model": "deviceapp.subcategory","fields": {"name": "handlesandhoses","displayname":"Handles and Hoses","category" : 2,"totalunits":0}},
	
	{"pk": 1,"model": "deviceapp.subcategory","fields": {"name": "cagebanks","displayname":"Cage Banks","category" : 3,"totalunits":0}},
	{"pk": 1,"model": "deviceapp.subcategory","fields": {"name": "cageoptionsandaccessories","displayname":"Cage Options and Accessories","category" : 3,"totalunits":0}},
	{"pk": 1,"model": "deviceapp.subcategory","fields": {"name": "cageo2therapydoors","displayname":"Cage O2 Therapy Doors","category" : 3,"totalunits":0}},
	{"pk": 1,"model": "deviceapp.subcategory","fields": {"name": "kennelruns","displayname":"Kennel Runs","category" : 3,"totalunits":0}},
	{"pk": 1,"model": "deviceapp.subcategory","fields": {"name": "catcondos","displayname":"Cat Condos","category" : 3,"totalunits":0}},
	
	{"pk": 1,"model": "deviceapp.subcategory","fields": {"name": "oxygensensors","displayname":"Kennel Runs","category" : 4,"totalunits":0}},
	{"pk": 1,"model": "deviceapp.subcategory","fields": {"name": "cage02therapydoors","displayname":"Cage O2 Therapy Doors","category" : 4,"totalunits":0}},
	{"pk": 1,"model": "deviceapp.subcategory","fields": {"name": "icu","displayname":"Intensive Care Unit","category" : 4,"totalunits":0}},
	{"pk": 1,"model": "deviceapp.subcategory","fields": {"name": "nebulizers","displayname":"Nebulizers","category" : 4,"totalunits":0}},
	{"pk": 1,"model": "deviceapp.subcategory","fields": {"name": "resusciation","displayname":"Resuscitation","category" : 4,"totalunits":0}},
	
	{"pk": 1,"model": "deviceapp.subcategory","fields": {"name": "highspeeddentalstations","displayname":"High Speed Dental Stations","category" : 5,"totalunits":0}},
	{"pk": 1,"model": "deviceapp.subcategory","fields": {"name": "scalarpolishercombountis","displayname":"Scalar/Polisher Combo Units","category" : 5,"totalunits":0}},
	{"pk": 1,"model": "deviceapp.subcategory","fields": {"name": "scalingunits","displayname":"Scaling Units","category" : 5,"totalunits":0}},
	{"pk": 1,"model": "deviceapp.subcategory","fields": {"name": "Polishing Units","displayname":"Polishing Units","category" : 5,"totalunits":0}},
	{"pk": 1,"model": "deviceapp.subcategory","fields": {"name": "watersupply","displayname":"Water Supply","category" : 5,"totalunits":0}},
	{"pk": 1,"model": "deviceapp.subcategory","fields": {"name": "restorative","displayname":"Restorative","category" : 5,"totalunits":0}},
	{"pk": 1,"model": "deviceapp.subcategory","fields": {"name": "xray","displayname":"X-Ray","category" : 5,"totalunits":0}},
	{"pk": 1,"model": "deviceapp.subcategory","fields": {"name": "equine","displayname":"Equine","category" : 5,"totalunits":0}},
	
	{"pk": 1,"model": "deviceapp.subcategory","fields": {"name": "welchallyndiagnosticsets","displayname":"Welch Allyn Diagnostic Sets","category" : 6,"totalunits":0}},
	{"pk": 1,"model": "deviceapp.subcategory","fields": {"name": "handlesandchargers","displayname":"Handles and Chargers","category" : 6,"totalunits":0}},
	{"pk": 1,"model": "deviceapp.subcategory","fields": {"name": "opthalmoscopes","displayname":"Opthalmoscopes","category" : 6,"totalunits":0}},
	{"pk": 1,"model": "deviceapp.subcategory","fields": {"name": "otoscopes","displayname":"Otoscopes","category" : 6,"totalunits":0}},
	{"pk": 1,"model": "deviceapp.subcategory","fields": {"name": "transilluminators","displayname":"Transilluminators","category" : 6,"totalunits":0}},
	{"pk": 1,"model": "deviceapp.subcategory","fields": {"name": "laryngoscope","displayname":"Laryngoscope Handles and Blades","category" : 6,"totalunits":0}},
	{"pk": 1,"model": "deviceapp.subcategory","fields": {"name": "dermascout","displayname":"Dermascout","category" : 6,"totalunits":0}},
	{"pk": 1,"model": "deviceapp.subcategory","fields": {"name": "headlamps","displayname":"Head Lamps","category" : 6,"totalunits":0}},
	{"pk": 1,"model": "deviceapp.subcategory","fields": {"name": "loupesandoptivisors","displayname":"Loupes and Optivisors","category" : 6,"totalunits":0}},
	{"pk": 1,"model": "deviceapp.subcategory","fields": {"name": "stethoscopes","displayname":"Stethoscopes","category" : 6,"totalunits":0}},
	{"pk": 1,"model": "deviceapp.subcategory","fields": {"name": "thermometers","displayname":"Thermometers","category" : 6,"totalunits":0}},
	{"pk": 1,"model": "deviceapp.subcategory","fields": {"name": "tonomoters","displayname":"Tonomoters","category" : 6,"totalunits":0}},
	
	
	{"pk": 1,"model": "deviceapp.subcategory","fields": {"name": "electrosurgery","displayname":"Electrosurgery","category" : 7,"totalunits":0}},
	{"pk": 1,"model": "deviceapp.subcategory","fields": {"name": "smokeevacuation","displayname":"Smoke Evacuation","category" : 7,"totalunits":0}},
	{"pk": 1,"model": "deviceapp.subcategory","fields": {"name": "cryosurgery","displayname":"Cryosurgery","category" : 7,"totalunits":0}},
	{"pk": 1,"model": "deviceapp.subcategory","fields": {"name": "headlamps","displayname":"Head Lamps","category" : 7,"totalunits":0}},

	
	{"pk": 1,"model": "deviceapp.subcategory","fields": {"name": "infusionpumps","displayname":"Infusion Pumps","category" : 8,"totalunits":0}},
	{"pk": 1,"model": "deviceapp.subcategory","fields": {"name": "syringepumps","displayname":"Syringe Pumps","category" : 8,"totalunits":0}},
	{"pk": 1,"model": "deviceapp.subcategory","fields": {"name": "ivcagemount","displayname":"Cryosurgery","category" : 8,"totalunits":0}},
	{"pk": 1,"model": "deviceapp.subcategory","fields": {"name": "ivstands","displayname":"IV Stands","category" : 8,"totalunits":0}},
	
	{"pk": 1,"model": "deviceapp.subcategory","fields": {"name": "clippers","displayname":"Clippers","category" : 9,"totalunits":0}},
	{"pk": 1,"model": "deviceapp.subcategory","fields": {"name": "trimmers","displayname":"Trimmers","category" : 9,"totalunits":0}},
	{"pk": 1,"model": "deviceapp.subcategory","fields": {"name": "dryers","displayname":"Dryers","category" : 9,"totalunits":0}},
	{"pk": 1,"model": "deviceapp.subcategory","fields": {"name": "bathing","displayname":"Bathing","category" : 9,"totalunits":0}},
	
	{"pk": 1,"model": "deviceapp.subcategory","fields": {"name": "spaypacks","displayname":"Spay Packs","category" : 10,"totalunits":0}},
	{"pk": 1,"model": "deviceapp.subcategory","fields": {"name": "generalsurgerypacks","displayname":"General Surgery Packs","category" : 10,"totalunits":0}},
	{"pk": 1,"model": "deviceapp.subcategory","fields": {"name": "ivstands","displayname":"IV Stands","category" : 10,"totalunits":0}},
	
	{"pk": 11,"model": "deviceapp.category","fields": {"name": "idexxinhousediagnostics","displayname":"IDEXX In-House Diagnostics","industry" : 1,"totalunits":0}},
{"pk": 11,"model": "deviceapp.category","fields": {"name": "abaxisinhousediagnostics","displayname":"ABAXIS In-House Diagnostics","industry" : 1,"totalunits":0}},
{"pk": 11,"model": "deviceapp.category","fields": {"name": "centrifuges","displayname":"Centrifuges","industry" : 1,"totalunits":0}},
{"pk": 11,"model": "deviceapp.category","fields": {"name": "microscopes","displayname":"Microscopes","industry" : 1,"totalunits":0}},
{"pk": 11,"model": "deviceapp.category","fields": {"name": "microscopecamerasystems","displayname":"Microscope Camera Systems","industry" : 1,"totalunits":0}},
{"pk": 11,"model": "deviceapp.category","fields": {"name": "tuberockers","displayname":"Tube Rockers","industry" : 1,"totalunits":0}},
{"pk": 11,"model": "deviceapp.category","fields": {"name": "incubators","displayname":"Incubators","industry" : 1,"totalunits":0}},
{"pk": 11,"model": "deviceapp.category","fields": {"name": "refractomoters","displayname":"Refractomoters","industry" : 1,"totalunits":0}},
{"pk": 12,"model": "deviceapp.category","fields": {"name": "emasculators","displayname":"Emasculators","industry" : 1,"totalunits":0}},
{"pk": 12,"model": "deviceapp.category","fields": {"name": "semencollection","displayname":"Semen Collection","industry" : 1,"totalunits":0}},
{"pk": 13,"model": "deviceapp.category","fields": {"name": "surgicallights","displayname":"Surgical Lights","industry" : 1,"totalunits":0}},
{"pk": 13,"model": "deviceapp.category","fields": {"name": "dentalandexamlights","displayname":"Dental and Exam Lights","industry" : 1,"totalunits":0}},
{"pk": 13,"model": "deviceapp.category","fields": {"name": "spotlights","displayname":"Spot Lights","industry" : 1,"totalunits":0}},
{"pk": 13,"model": "deviceapp.category","fields": {"name": "trackoptions","displayname":"Track Options","industry" : 1,"totalunits":0}},
{"pk": 13,"model": "deviceapp.category","fields": {"name": "woodslights","displayname":"Woods Lights","industry" : 1,"totalunits":0}},
{"pk": 14,"model": "deviceapp.category","fields": {"name": "multiparameter","displayname":"Multi-Parameter","industry" : 1,"totalunits":0}},
{"pk": 14,"model": "deviceapp.category","fields": {"name": "pulseoximetry","displayname":"Pulse Oximetry","industry" : 1,"totalunits":0}},
{"pk": 14,"model": "deviceapp.category","fields": {"name": "noninvasivebloodpressure","displayname":"Non-Invasive Blood Pressure","industry" : 1,"totalunits":0}},
{"pk": 14,"model": "deviceapp.category","fields": {"name": "doppler","displayname":"Doppler","industry" : 1,"totalunits":0}},
{"pk": 14,"model": "deviceapp.category","fields": {"name": "electrocardiography","displayname":"Electrocardiography","industry" : 1,"totalunits":0}},
{"pk": 14,"model": "deviceapp.category","fields": {"name": "capnography","displayname":"Capnography","industry" : 1,"totalunits":0}},
{"pk": 14,"model": "deviceapp.category","fields": {"name": "resipiration","displayname":"Resipiration","industry" : 1,"totalunits":0}},
{"pk": 14,"model": "deviceapp.category","fields": {"name": "telemetry","displayname":"Telemetry","industry" : 1,"totalunits":0}},
{"pk": 14,"model": "deviceapp.category","fields": {"name": "mricompatible","displayname":"MRI Compatible","industry" : 1,"totalunits":0}},
{"pk": 14,"model": "deviceapp.category","fields": {"name": "rollingstands","displayname":"Rolling Stands","industry" : 1,"totalunits":0}},
{"pk": 16,"model": "deviceapp.category","fields": {"name": "mricompatibleanesthesia","displayname":"MRI Compatible Anesthesia","industry" : 1,"totalunits":0}},
{"pk": 16,"model": "deviceapp.category","fields": {"name": "mricompatiblesyringepumps","displayname":"MRI Compatible Syringe Pumps","industry" : 1,"totalunits":0}},
{"pk": 16,"model": "deviceapp.category","fields": {"name": "mricompatiblemonitors","displayname":"MRI Compatible Monitors","industry" : 1,"totalunits":0}},
{"pk": 19,"model": "deviceapp.category","fields": {"name": "stretchersandgurneys","displayname":"Stretchers and Gurneys","industry" : 1,"totalunits":0}},
{"pk": 19,"model": "deviceapp.category","fields": {"name": "handlinggloves","displayname":"Handling Gloves","industry" : 1,"totalunits":0}},
{"pk": 20,"model": "deviceapp.category","fields": {"name": "convectivewarmairwarmingsystems","displayname":"Convective Warm Air Warming Systems","industry" : 1,"totalunits":0}},
{"pk": 20,"model": "deviceapp.category","fields": {"name": "watercirculatingwarmingsystems","displayname":"Water Circulating Warming Systems","industry" : 1,"totalunits":0}},
{"pk": 20,"model": "deviceapp.category","fields": {"name": "electricwarmingsystems","displayname":"Electric Warming Systems","industry" : 1,"totalunits":0}},
{"pk": 21,"model": "deviceapp.category","fields": {"name": "cubex","displayname":"Cubex","industry" : 1,"totalunits":0}},
{"pk": 21,"model": "deviceapp.category","fields": {"name": "pillcounter","displayname":"Pill Counter","industry" : 1,"totalunits":0}},
{"pk": 22,"model": "deviceapp.category","fields": {"name": "platformscales","displayname":"Platform Scales","industry" : 1,"totalunits":0}},
{"pk": 22,"model": "deviceapp.category","fields": {"name": "pediatricscales","displayname":"Pediatric Scales","industry" : 1,"totalunits":0}},
{"pk": 22,"model": "deviceapp.category","fields": {"name": "gramscales","displayname":"Gram Scales","industry" : 1,"totalunits":0}},
{"pk": 22,"model": "deviceapp.category","fields": {"name": "equine","displayname":"Equine","industry" : 1,"totalunits":0}},
{"pk": 25,"model": "deviceapp.category","fields": {"name": "autoclaves","displayname":"Autoclaves","industry" : 1,"totalunits":0}},
{"pk": 25,"model": "deviceapp.category","fields": {"name": "gassterilization","displayname":"Gas Sterilization","industry" : 1,"totalunits":0}},
{"pk": 25,"model": "deviceapp.category","fields": {"name": "ultrasoniccleaners","displayname":"Ultrasonic Cleaners","industry" : 1,"totalunits":0}},
{"pk": 25,"model": "deviceapp.category","fields": {"name": "waterdistillers","displayname":"Water Distillers","industry" : 1,"totalunits":0}},
{"pk": 26,"model": "deviceapp.category","fields": {"name": "examandcasework","displayname":"Exam and Casework","industry" : 1,"totalunits":0}},
{"pk": 26,"model": "deviceapp.category","fields": {"name": "wetprepandcasework","displayname":"Wet/Prep and Casework","industry" : 1,"totalunits":0}},
{"pk": 26,"model": "deviceapp.category","fields": {"name": "surgery","displayname":"Surgery","industry" : 1,"totalunits":0}},
{"pk": 26,"model": "deviceapp.category","fields": {"name": "specialty","displayname":"Specialty","industry" : 1,"totalunits":0}},
{"pk": 27,"model": "deviceapp.category","fields": {"name": "klaser","displayname":"K-Laser","industry" : 1,"totalunits":0}},
{"pk": 27,"model": "deviceapp.category","fields": {"name": "gameready","displayname":"Game Ready","industry" : 1,"totalunits":0}},
{"pk": 27,"model": "deviceapp.category","fields": {"name": "treadmill","displayname":"Treadmill","industry" : 1,"totalunits":0}},
{"pk": 29,"model": "deviceapp.category","fields": {"name": "smallanimalfullbody","displayname":"Small Animal Full Body","industry" : 1,"totalunits":0}},
{"pk": 29,"model": "deviceapp.category","fields": {"name": "portablehandheldunits","displayname":"Portable Handheld Units","industry" : 1,"totalunits":0}},
{"pk": 29,"model": "deviceapp.category","fields": {"name": "equinedigitalsystems","displayname":"Equine Digital Systems","industry" : 1,"totalunits":0}},
{"pk": 29,"model": "deviceapp.category","fields": {"name": "dental","displayname":"Dental","industry" : 1,"totalunits":0}},
{"pk": 29,"model": "deviceapp.category","fields": {"name": "tablesandstands","displayname":"Tables and Stands","industry" : 1,"totalunits":0}},
{"pk": 29,"model": "deviceapp.category","fields": {"name": "filmprocessors","displayname":"Film Processors","industry" : 1,"totalunits":0}},
{"pk": 29,"model": "deviceapp.category","fields": {"name": "filmstoragebin","displayname":"Film Storage Bin","industry" : 1,"totalunits":0}},
{"pk": 29,"model": "deviceapp.category","fields": {"name": "filmidprinters","displayname":"Film ID Printers","industry" : 1,"totalunits":0}},
{"pk": 29,"model": "deviceapp.category","fields": {"name": "positioners","displayname":"Positioners","industry" : 1,"totalunits":0}},
	


	
	
	
	
	
	
	
	
	
	
	
	
	
	
	
	
	
	
	
	{"pk": 34,"model": "deviceapp.manufacturer","fields": {"name": "3M","displayname":"3M"}},
	{"pk": 35,"model": "deviceapp.manufacturer","fields": {"name": "Fuji","displayname":"Fuji"}},
	{"pk": 36,"model": "deviceapp.manufacturer","fields": {"name": "Sonosite","displayname":"Sonosite Systems"}},

	{
		"pk": 1,
		"model": "deviceapp.product",
		"fields": {
			"name": "Fazone CB Ultrasound",
			"devicecategory" : 7,
			"industries" : [1],
			"description" : "The New Fazone CB Ultrasound with Zone Sonography Technology. Anytime, anywhere 'CB' usability is stress free and easy, regardless of place or occasion. This elegant, ultra high quality ultrasound easily moves from the exam room to your vehicle bringing all aspects of FujiFilms' attention to detail along with it. Features include a full screen, 12-inch LCD monitor, instant one touch image optimization, intuitive operation with keys grouped by functionality, fast boot-up time, easy on and off cart capability, and stylish compact design",
			"manufacturer": 1
		}
	},
	{
		"pk": 2,
		"model": "deviceapp.product",
		"fields": {
			"name": "Ultra High Powered Ultrasound",
			"devicecategory" : 7,
			"industries" : [1],
			"description" : "The New Fazone CB Ultrasound with Zone Sonography Technology. Anytime, anywhere 'CB' usability is stress free and easy, regardless of place or occasion. This elegant, ultra high quality ultrasound easily moves from the exam room to your vehicle bringing all aspects of FujiFilms' attention to detail along with it. Features include a full screen, 12-inch LCD monitor, instant one touch image optimization, intuitive operation with keys grouped by functionality, fast boot-up time, easy on and off cart capability, and stylish compact design",
			"manufacturer": 1
		}
	},
	{
		"pk": 3,
		"model": "deviceapp.product",
		"fields": {
			"name": "Speedlight XT4500 Ultrasound",
			"devicecategory" : 7,
			"industries" : [1],
			"description" : "The New Fazone CB Ultrasound with Zone Sonography Technology. Anytime, anywhere 'CB' usability is stress free and easy, regardless of place or occasion. This elegant, ultra high quality ultrasound easily moves from the exam room to your vehicle bringing all aspects of FujiFilms' attention to detail along with it. Features include a full screen, 12-inch LCD monitor, instant one touch image optimization, intuitive operation with keys grouped by functionality, fast boot-up time, easy on and off cart capability, and stylish compact design",
			"manufacturer": 1
		}
	},
	{
		"pk": 4,
		"model": "deviceapp.product",
		"fields": {
			"name": "Geurilla Glue UltraPoweres Sound Plus",
			"devicecategory" : 7,
			"industries" : [1],
			"description" : "The New Fazone CB Ultrasound with Zone Sonography Technology. Anytime, anywhere 'CB' usability is stress free and easy, regardless of place or occasion. This elegant, ultra high quality ultrasound easily moves from the exam room to your vehicle bringing all aspects of FujiFilms' attention to detail along with it. Features include a full screen, 12-inch LCD monitor, instant one touch image optimization, intuitive operation with keys grouped by functionality, fast boot-up time, easy on and off cart capability, and stylish compact design",
			"manufacturer": 1
		}
	},
	{
		"pk": 5,
		"model": "deviceapp.product",
		"fields": {
			"name": "Ultra Ultra SoundXTreme",
			"devicecategory" : 7,
			"industries" : [1],
			"description" : "The New Fazone CB Ultrasound with Zone Sonography Technology. Anytime, anywhere 'CB' usability is stress free and easy, regardless of place or occasion. This elegant, ultra high quality ultrasound easily moves from the exam room to your vehicle bringing all aspects of FujiFilms' attention to detail along with it. Features include a full screen, 12-inch LCD monitor, instant one touch image optimization, intuitive operation with keys grouped by functionality, fast boot-up time, easy on and off cart capability, and stylish compact design",
			"manufacturer": 1
		}
	},
	{
		"pk": 6,
		"model": "deviceapp.product",
		"fields": {
			"name": "Oldie but goodie ultrasound",
			"devicecategory" : 7,
			"industries" : [1],
			"description" : "The New Fazone CB Ultrasound with Zone Sonography Technology. Anytime, anywhere 'CB' usability is stress free and easy, regardless of place or occasion. This elegant, ultra high quality ultrasound easily moves from the exam room to your vehicle bringing all aspects of FujiFilms' attention to detail along with it. Features include a full screen, 12-inch LCD monitor, instant one touch image optimization, intuitive operation with keys grouped by functionality, fast boot-up time, easy on and off cart capability, and stylish compact design",
			"manufacturer": 1
		}
	},
	{
    "pk": 1, 
    "model": "auth.user", 
    "fields": {
        "username": "a", 
        "first_name": "", 
        "last_name": "", 
        "is_active": true, 
        "is_superuser": true, 
        "is_staff": true, 
        "last_login": "2013-10-28T04:37:02.515Z", 
        "groups": [], 
        "user_permissions": [], 
        "password": "pbkdf2_sha256$10000$xSO9oRFz88LQ$XGNybzF63vtLfbJllBzLt6hfO0tTY2W3BXaln8ncgBM=", 
        "email": "a@a.com", 
        "date_joined": "2013-10-28T04:36:12.295Z"
    }
},
{
    "pk": 2, 
    "model": "auth.user", 
    "fields": {
        "username": "brooke@aim.com", 
        "first_name": "", 
        "last_name": "", 
        "is_active": true, 
        "is_superuser": false, 
        "is_staff": false, 
        "last_login": "2013-10-28T04:37:27.969Z", 
        "groups": [], 
        "user_permissions": [], 
        "password": "pbkdf2_sha256$10000$baG2jbKu2fmr$GQMak8dwaoerfKjoVBxom27VVhAlm5IAOlcE5wW1fQw=", 
        "email": "brooke@aim.com", 
        "date_joined": "2013-10-28T04:37:27.969Z"
    }
},
{
	"pk": 1,
	"model": "deviceapp.basicuser",
	"fields": {
		"user":2,
		"businesstype": "individual",
		"name": "Brooke Johnson",
		"company" : "Colts Neck Equine",
		"email":"brooke@aim.com",
		"address":"1 main street",
		"zipcode": "07722" ,
		"city":"Colts Neck",
		"state":"NJ",
		"website":"www.test.com",
		"phonenumber":"732-547-4516"
	}
},
{
    "pk": 3, 
    "model": "auth.user", 
    "fields": {
        "username": "mike@aim.com", 
        "first_name": "", 
        "last_name": "", 
        "is_active": true, 
        "is_superuser": false, 
        "is_staff": false, 
        "last_login": "2013-10-28T04:37:27.969Z", 
        "groups": [], 
        "user_permissions": [], 
        "password": "pbkdf2_sha256$10000$baG2jbKu2fmr$GQMak8dwaoerfKjoVBxom27VVhAlm5IAOlcE5wW1fQw=", 
        "email": "brooke@aim.com", 
        "date_joined": "2013-10-28T04:37:27.969Z"
    }
},
{
	"pk": 2,
	"model": "deviceapp.basicuser",
	"fields": {
		"user":3,
		"businesstype": "individual",
		"name": "Mike Rogers",
		"company" : "Colts Neck Equine",
		"email":"mike@aim.com",
		"address":"1 main street",
		"zipcode": "02215" ,
		"city":"Boston",
		"state":"MA",
		"website":"www.test.com",
		"phonenumber":"732-547-4516"
	}
},
{
    "pk": 4, 
    "model": "auth.user", 
    "fields": {
        "username": "bob@aim.com", 
        "first_name": "", 
        "last_name": "", 
        "is_active": true, 
        "is_superuser": false, 
        "is_staff": false, 
        "last_login": "2013-10-28T04:37:27.969Z", 
        "groups": [], 
        "user_permissions": [], 
        "password": "pbkdf2_sha256$10000$baG2jbKu2fmr$GQMak8dwaoerfKjoVBxom27VVhAlm5IAOlcE5wW1fQw=", 
        "email": "brooke@aim.com", 
        "date_joined": "2013-10-28T04:37:27.969Z"
    }
},
{
	"pk": 3,
	"model": "deviceapp.basicuser",
	"fields": {
		"user":4,
		"businesstype": "individual",
		"name": "Bob Rogers",
		"company" : "Colts Neck Equine",
		"email":"bob@aim.com",
		"address":"1 main street",
		"zipcode": "12345" ,
		"city":"Schenectedy",
		"state":"NY",
		"website":"www.test.com",
		"phonenumber":"732-547-4516"
	}
},
{
    "pk": 1, 
    "model": "deviceapp.image", 
    "fields": {
        "photo": "img/saddog.jpg",
        "photo_small": "img/saddog.jpg",
        "photo_medium": "img/saddog.jpg"
    }
},
{
    "pk": 1, 
    "model": "deviceapp.itemimage", 
    "fields": {
        "item": 1
    }
},
{
    "pk": 2, 
    "model": "deviceapp.image", 
    "fields": {
        "photo": "img/blueshield.png",
        "photo_small": "img/blueshield.png",
        "photo_medium": "img/blueshield.png"
    }
},
{
    "pk": 2, 
    "model": "deviceapp.productimage", 
    "fields": {
        "product":1,
        "item":[1,2,3]
    }
},
{
    "pk": 1, 
    "model": "deviceapp.item", 
    "fields": {
    	"user": 2, 
    	"name": "XT450 Power UltraSound Machine", 
    	"devicecategory": 7,
    	"manufacturer" : 2,
    	"serialno":"542523519864",
    	"year":2001,
    	"type": "preowned", 
    	"dateacquired":"2009-5-01",
    	"contract": "contractoptional",
    	"condition": 2,
    	"conditiondescription":"This product was mainly used in mobile veterinary trucks and carried from farm to farm. There are a couple scratches on the machine but otherwise it is in great working order",
    	"productdescription": "The New Fazone CB Ultrasound with Zone Sonography Technology. Anytime, anywhere 'CB' usability is stress free and easy, regardless of place or occasion. This elegant, ultra high quality ultrasound easily moves from the exam room to your vehicle bringing all aspects of FujiFilms' attention to detail along with it. Features include a full screen, 12-inch LCD monitor, instant one touch image optimization, intuitive operation with keys grouped by functionality, fast boot-up time, easy on and off cart capability, and stylish compact design",
        "shippingincluded" : true,
        "price": 3430,
        "mainimage": 1,
        "liststatus": "active",
        "savedcount" : 0,
        "verified" : false,
        "listeddate" : "2013-11-01"
    }
},
{
    "pk": 2, 
    "model": "deviceapp.item", 
    "fields": {
    	"user": 3, 
    	"name": "XT450 Power UltraSound Machine 2", 
    	"devicecategory": 7,
    	"manufacturer" : 2,
    	"serialno":"542523519864",
    	"year":2001,
    	"type": "preowned", 
    	"dateacquired":"2009-5-01",
    	"contract": "contractoptional",
    	"condition": 2,
    	"conditiondescription":"This product was mainly used in mobile veterinary trucks and carried from farm to farm. There are a couple scratches on the machine but otherwise it is in great working order",
    	"productdescription": "The New Fazone CB Ultrasound with Zone Sonography Technology. Anytime, anywhere 'CB' usability is stress free and easy, regardless of place or occasion. This elegant, ultra high quality ultrasound easily moves from the exam room to your vehicle bringing all aspects of FujiFilms' attention to detail along with it. Features include a full screen, 12-inch LCD monitor, instant one touch image optimization, intuitive operation with keys grouped by functionality, fast boot-up time, easy on and off cart capability, and stylish compact design",
        "shippingincluded" : true,
        "price": 4430,
        "mainimage": 1,
        "liststatus": "active",
        "savedcount" : 0,
        "verified" : false,
        "listeddate" : "2013-11-01"
    }
},
{
    "pk": 3, 
    "model": "deviceapp.item", 
    "fields": {
    	"user": 1, 
    	"name": "XT450 Power UltraSound Machine 3", 
    	"devicecategory": 7,
    	"manufacturer" : 2,
    	"serialno":"542523519864",
    	"year":2001,
    	"type": "preowned", 
    	"dateacquired":"2009-5-01",
    	"contract": "contractoptional",
    	"condition": 2,
    	"conditiondescription":"This product was mainly used in mobile veterinary trucks and carried from farm to farm. There are a couple scratches on the machine but otherwise it is in great working order",
    	"productdescription": "The New Fazone CB Ultrasound with Zone Sonography Technology. Anytime, anywhere 'CB' usability is stress free and easy, regardless of place or occasion. This elegant, ultra high quality ultrasound easily moves from the exam room to your vehicle bringing all aspects of FujiFilms' attention to detail along with it. Features include a full screen, 12-inch LCD monitor, instant one touch image optimization, intuitive operation with keys grouped by functionality, fast boot-up time, easy on and off cart capability, and stylish compact design",
        "shippingincluded" : true,
        "price": 4830,
        "mainimage": 1,
        "liststatus": "active",
        "savedcount" : 0,
        "verified" : false,
        "listeddate" : "2013-11-01"
    }
},
{
    "pk": 4, 
    "model": "deviceapp.item", 
    "fields": {
    	"user": 2, 
    	"name": "XT450 Power UltraSound Machine 4", 
    	"devicecategory": 7,
    	"manufacturer" : 2,
    	"serialno":"542523519864",
    	"year":2001,
    	"type": "preowned", 
    	"dateacquired":"2009-5-01",
    	"contract": "contractoptional",
    	"condition": 2,
    	"conditiondescription":"This product was mainly used in mobile veterinary trucks and carried from farm to farm. There are a couple scratches on the machine but otherwise it is in great working order",
    	"productdescription": "The New Fazone CB Ultrasound with Zone Sonography Technology. Anytime, anywhere 'CB' usability is stress free and easy, regardless of place or occasion. This elegant, ultra high quality ultrasound easily moves from the exam room to your vehicle bringing all aspects of FujiFilms' attention to detail along with it. Features include a full screen, 12-inch LCD monitor, instant one touch image optimization, intuitive operation with keys grouped by functionality, fast boot-up time, easy on and off cart capability, and stylish compact design",
        "shippingincluded" : true,
        "price": 5430,
        "mainimage": 1,
        "liststatus": "active",
        "savedcount" : 0,
        "verified" : false,
        "listeddate" : "2013-11-01"
    }
},
{
    "pk": 5, 
    "model": "deviceapp.item", 
    "fields": {
    	"user": 3, 
    	"name": "XT450 Power UltraSound Machine 5", 
    	"devicecategory": 7,
    	"manufacturer" : 2,
    	"serialno":"542523519864",
    	"year":2001,
    	"type": "preowned", 
    	"dateacquired":"2009-5-09",
    	"contract": "contractoptional",
    	"condition": 2,
    	"conditiondescription":"This product was mainly used in mobile veterinary trucks and carried from farm to farm. There are a couple scratches on the machine but otherwise it is in great working order",
    	"productdescription": "The New Fazone CB Ultrasound with Zone Sonography Technology. Anytime, anywhere 'CB' usability is stress free and easy, regardless of place or occasion. This elegant, ultra high quality ultrasound easily moves from the exam room to your vehicle bringing all aspects of FujiFilms' attention to detail along with it. Features include a full screen, 12-inch LCD monitor, instant one touch image optimization, intuitive operation with keys grouped by functionality, fast boot-up time, easy on and off cart capability, and stylish compact design",
        "shippingincluded" : true,
        "price": 190,
        "mainimage": 1,
        "liststatus": "active",
        "savedcount" : 0,
        "verified" : false,
        "listeddate" : "2013-11-01"
    }
},
{
    "pk": 6, 
    "model": "deviceapp.item", 
    "fields": {
    	"user": 2, 
    	"name": "XT450 Power UltraSound Machine 6", 
    	"devicecategory": 7,
    	"manufacturer" : 2,
    	"serialno":"542523519864",
    	"year":2001,
    	"type": "preowned", 
    	"dateacquired":"2009-5-01",
    	"contract": "contractoptional",
    	"condition": 2,
    	"conditiondescription":"This product was mainly used in mobile veterinary trucks and carried from farm to farm. There are a couple scratches on the machine but otherwise it is in great working order",
    	"productdescription": "The New Fazone CB Ultrasound with Zone Sonography Technology. Anytime, anywhere 'CB' usability is stress free and easy, regardless of place or occasion. This elegant, ultra high quality ultrasound easily moves from the exam room to your vehicle bringing all aspects of FujiFilms' attention to detail along with it. Features include a full screen, 12-inch LCD monitor, instant one touch image optimization, intuitive operation with keys grouped by functionality, fast boot-up time, easy on and off cart capability, and stylish compact design",
        "shippingincluded" : true,
        "price": 430,
        "mainimage": 1,
        "savedcount" : 0,
        "verified" : false,
        "listeddate" : "2013-11-01"
    }
},
{
    "pk": 7, 
    "model": "deviceapp.item", 
    "fields": {
    	"user": 1, 
    	"name": "XT450 Power UltraSound Machine 7", 
    	"devicecategory": 7,
    	"manufacturer" : 2,
    	"serialno":"542523519864",
    	"year":2001,
    	"type": "preowned", 
    	"dateacquired":"2009-5-01",
    	"contract": "contractoptional",
    	"condition": 2,
    	"conditiondescription":"This product was mainly used in mobile veterinary trucks and carried from farm to farm. There are a couple scratches on the machine but otherwise it is in great working order",
    	"productdescription": "The New Fazone CB Ultrasound with Zone Sonography Technology. Anytime, anywhere 'CB' usability is stress free and easy, regardless of place or occasion. This elegant, ultra high quality ultrasound easily moves from the exam room to your vehicle bringing all aspects of FujiFilms' attention to detail along with it. Features include a full screen, 12-inch LCD monitor, instant one touch image optimization, intuitive operation with keys grouped by functionality, fast boot-up time, easy on and off cart capability, and stylish compact design",
        "shippingincluded" : true,
        "price":7430,
        "mainimage": 1,
        "liststatus": "active",
        "savedcount" : 0,
        "verified" : false,
        "listeddate" : "2010-11-01"
    }
},
{
    "pk": 8, 
    "model": "deviceapp.item", 
    "fields": {
    	"user": 3, 
    	"name": "XT450 Power UltraSound Machine 8", 
    	"devicecategory": 7,
    	"manufacturer" : 2,
    	"serialno":"542523519864",
    	"year":2001,
    	"type": "preowned", 
    	"dateacquired":"2009-5-01",
    	"contract": "contractoptional",
    	"condition": 2,
    	"conditiondescription":"This product was mainly used in mobile veterinary trucks and carried from farm to farm. There are a couple scratches on the machine but otherwise it is in great working order",
    	"productdescription": "The New Fazone CB Ultrasound with Zone Sonography Technology. Anytime, anywhere 'CB' usability is stress free and easy, regardless of place or occasion. This elegant, ultra high quality ultrasound easily moves from the exam room to your vehicle bringing all aspects of FujiFilms' attention to detail along with it. Features include a full screen, 12-inch LCD monitor, instant one touch image optimization, intuitive operation with keys grouped by functionality, fast boot-up time, easy on and off cart capability, and stylish compact design",
        "shippingincluded" : true,
        "price": 8430,
        "mainimage": 1,
        "liststatus": "active",
        "savedcount" : 0,
        "verified" : false,
        "listeddate" : "2011-11-01"
    }
},
{
    "pk": 9, 
    "model": "deviceapp.item", 
    "fields": {
    	"user": 3, 
    	"name": "XT450 Power UltraSound Machine 9", 
    	"devicecategory": 7,
    	"manufacturer" : 2,
    	"serialno":"542523519864",
    	"year":2001,
    	"type": "preowned", 
    	"dateacquired":"2009-5-01",
    	"contract": "contractoptional",
    	"condition": 2,
    	"conditiondescription":"This product was mainly used in mobile veterinary trucks and carried from farm to farm. There are a couple scratches on the machine but otherwise it is in great working order",
    	"productdescription": "The New Fazone CB Ultrasound with Zone Sonography Technology. Anytime, anywhere 'CB' usability is stress free and easy, regardless of place or occasion. This elegant, ultra high quality ultrasound easily moves from the exam room to your vehicle bringing all aspects of FujiFilms' attention to detail along with it. Features include a full screen, 12-inch LCD monitor, instant one touch image optimization, intuitive operation with keys grouped by functionality, fast boot-up time, easy on and off cart capability, and stylish compact design",
        "shippingincluded" : true,
        "price": 9430,
        "mainimage": 1,
        "liststatus": "active",
        "savedcount" : 0,
        "verified" : false,
        "listeddate" : "2012-11-01"
    }
},
{
    "pk": 10, 
    "model": "deviceapp.item", 
    "fields": {
    	"user": 2, 
    	"name": "XT450 Power UltraSound Machine 10", 
    	"devicecategory": 7,
    	"manufacturer" : 2,
    	"serialno":"542523519864",
    	"year":2001,
    	"type": "preowned", 
    	"dateacquired":"2009-5-01",
    	"contract": "contractoptional",
    	"condition": 2,
    	"conditiondescription":"This product was mainly used in mobile veterinary trucks and carried from farm to farm. There are a couple scratches on the machine but otherwise it is in great working order",
    	"productdescription": "The New Fazone CB Ultrasound with Zone Sonography Technology. Anytime, anywhere 'CB' usability is stress free and easy, regardless of place or occasion. This elegant, ultra high quality ultrasound easily moves from the exam room to your vehicle bringing all aspects of FujiFilms' attention to detail along with it. Features include a full screen, 12-inch LCD monitor, instant one touch image optimization, intuitive operation with keys grouped by functionality, fast boot-up time, easy on and off cart capability, and stylish compact design",
        "shippingincluded" : true,
        "price": 10430,
        "mainimage": 1,
        "liststatus": "active",
        "savedcount" : 0,
        "verified" : false,
        "listeddate" : "2013-11-03"
    }
},
{
    "pk": 11, 
    "model": "deviceapp.item", 
    "fields": {
    	"user": 2, 
    	"name": "XT450 Power UltraSound Machine 11", 
    	"devicecategory": 7,
    	"manufacturer" : 2,
    	"serialno":"542523519864",
    	"year":2001,
    	"type": "preowned", 
    	"dateacquired":"2009-5-01",
    	"contract": "contractoptional",
    	"condition": 2,
    	"conditiondescription":"This product was mainly used in mobile veterinary trucks and carried from farm to farm. There are a couple scratches on the machine but otherwise it is in great working order",
    	"productdescription": "The New Fazone CB Ultrasound with Zone Sonography Technology. Anytime, anywhere 'CB' usability is stress free and easy, regardless of place or occasion. This elegant, ultra high quality ultrasound easily moves from the exam room to your vehicle bringing all aspects of FujiFilms' attention to detail along with it. Features include a full screen, 12-inch LCD monitor, instant one touch image optimization, intuitive operation with keys grouped by functionality, fast boot-up time, easy on and off cart capability, and stylish compact design",
        "shippingincluded" : true,
        "price": 11430,
        "mainimage": 1,
        "liststatus": "active",
        "savedcount" : 0,
        "verified" : false,
        "listeddate" : "2013-11-02"
    }
},
{
    "pk": 12, 
    "model": "deviceapp.item", 
    "fields": {
    	"user": 1, 
    	"name": "XT450 Power UltraSound Machine 12", 
    	"devicecategory": 7,
    	"manufacturer" : 2,
    	"serialno":"542523519864",
    	"year":2001,
    	"type": "preowned", 
    	"dateacquired":"2009-5-01",
    	"contract": "contractoptional",
    	"condition": 2,
    	"conditiondescription":"This product was mainly used in mobile veterinary trucks and carried from farm to farm. There are a couple scratches on the machine but otherwise it is in great working order",
    	"productdescription": "The New Fazone CB Ultrasound with Zone Sonography Technology. Anytime, anywhere 'CB' usability is stress free and easy, regardless of place or occasion. This elegant, ultra high quality ultrasound easily moves from the exam room to your vehicle bringing all aspects of FujiFilms' attention to detail along with it. Features include a full screen, 12-inch LCD monitor, instant one touch image optimization, intuitive operation with keys grouped by functionality, fast boot-up time, easy on and off cart capability, and stylish compact design",
        "shippingincluded" : true,
        "price": 12430,
        "mainimage": 1,
        "liststatus": "active",
        "savedcount" : 0,
        "verified" : false,
        "listeddate" : "2013-11-06"
    }
},
{
    "pk": 13, 
    "model": "deviceapp.item", 
    "fields": {
    	"user": 1, 
    	"name": "XT450 Power UltraSound Machine 13", 
    	"devicecategory": 7,
    	"manufacturer" : 2,
    	"serialno":"542523519864",
    	"year":2001,
    	"type": "preowned", 
    	"dateacquired":"2009-5-01",
    	"contract": "contractoptional",
    	"condition": 2,
    	"conditiondescription":"This product was mainly used in mobile veterinary trucks and carried from farm to farm. There are a couple scratches on the machine but otherwise it is in great working order",
    	"productdescription": "The New Fazone CB Ultrasound with Zone Sonography Technology. Anytime, anywhere 'CB' usability is stress free and easy, regardless of place or occasion. This elegant, ultra high quality ultrasound easily moves from the exam room to your vehicle bringing all aspects of FujiFilms' attention to detail along with it. Features include a full screen, 12-inch LCD monitor, instant one touch image optimization, intuitive operation with keys grouped by functionality, fast boot-up time, easy on and off cart capability, and stylish compact design",
        "shippingincluded" : true,
        "price": 13430,
        "mainimage": 1,
        "liststatus": "active",
        "savedcount" : 0,
        "verified" : false,
        "listeddate" : "2013-11-04"
    }
},
{
    "pk": 14, 
    "model": "deviceapp.item", 
    "fields": {
    	"user": 3, 
    	"name": "XT450 Power UltraSound Machine 14", 
    	"devicecategory": 7,
    	"manufacturer" : 2,
    	"serialno":"542523519864",
    	"year":2001,
    	"type": "preowned", 
    	"dateacquired":"2009-5-01",
    	"contract": "contractoptional",
    	"condition": 2,
    	"conditiondescription":"This product was mainly used in mobile veterinary trucks and carried from farm to farm. There are a couple scratches on the machine but otherwise it is in great working order",
    	"productdescription": "The New Fazone CB Ultrasound with Zone Sonography Technology. Anytime, anywhere 'CB' usability is stress free and easy, regardless of place or occasion. This elegant, ultra high quality ultrasound easily moves from the exam room to your vehicle bringing all aspects of FujiFilms' attention to detail along with it. Features include a full screen, 12-inch LCD monitor, instant one touch image optimization, intuitive operation with keys grouped by functionality, fast boot-up time, easy on and off cart capability, and stylish compact design",
        "shippingincluded" : true,
        "price": 14430,
        "mainimage": 1,
        "liststatus": "active",
        "savedcount" : 0,
        "verified" : false,
        "listeddate" : "2013-11-03"
    }
}
]
