[
{"pk": 1, "model": "deviceapp.manufacturer", "fields": {"displayname": "3M", "name": "3m"}},{"pk": 2, "model": "deviceapp.manufacturer", "fields": {"displayname": "Abaxis", "name": "abaxis"}},{"pk": 3, "model": "deviceapp.manufacturer", "fields": {"displayname": "Accutome", "name": "accutome"}},{"pk": 4, "model": "deviceapp.manufacturer", "fields": {"displayname": "Advanced Monitors", "name": "advancedmonitors"}},{"pk": 5, "model": "deviceapp.manufacturer", "fields": {"displayname": "AGFA", "name": "agfa"}},{"pk": 6, "model": "deviceapp.manufacturer", "fields": {"displayname": "Agri-Pro", "name": "agripro"}},{"pk": 7, "model": "deviceapp.manufacturer", "fields": {"displayname": "AirSep", "name": "airsep"}},{"pk": 8, "model": "deviceapp.manufacturer", "fields": {"displayname": "Alivecor", "name": "alivecor"}},{"pk": 9, "model": "deviceapp.manufacturer", "fields": {"displayname": "Anderson", "name": "anderson"}},{"pk": 10, "model": "deviceapp.manufacturer", "fields": {"displayname": "Andis", "name": "andis"}},{"pk": 11, "model": "deviceapp.manufacturer", "fields": {"displayname": "Bar-Ray", "name": "barray"}},{"pk": 12, "model": "deviceapp.manufacturer", "fields": {"displayname": "BDP", "name": "bdp"}},{"pk": 13, "model": "deviceapp.manufacturer", "fields": {"displayname": "Bergen", "name": "bergen"}},{"pk": 14, "model": "deviceapp.manufacturer", "fields": {"displayname": "Bickford", "name": "bickford"}},{"pk": 15, "model": "deviceapp.manufacturer", "fields": {"displayname": "Bovie", "name": "bovie"}},{"pk": 16, "model": "deviceapp.manufacturer", "fields": {"displayname": "Burton", "name": "burton"}},{"pk": 17, "model": "deviceapp.manufacturer", "fields": {"displayname": "Capps", "name": "capps"}},{"pk": 18, "model": "deviceapp.manufacturer", "fields": {"displayname": "Clinton Ind", "name": "clintonind"}},{"pk": 19, "model": "deviceapp.manufacturer", "fields": {"displayname": "Clipper Distributing Co", "name": "clipperdistributingco"}},{"pk": 20, "model": "deviceapp.manufacturer", "fields": {"displayname": "Covidien", "name": "covidien"}},{"pk": 21, "model": "deviceapp.manufacturer", "fields": {"displayname": "Cubex", "name": "cubex"}},{"pk": 22, "model": "deviceapp.manufacturer", "fields": {"displayname": "Delmarva", "name": "delmarva"}},{"pk": 23, "model": "deviceapp.manufacturer", "fields": {"displayname": "Dentalaire", "name": "dentalaire"}},{"pk": 24, "model": "deviceapp.manufacturer", "fields": {"displayname": "Digicare", "name": "digicare"}},{"pk": 25, "model": "deviceapp.manufacturer", "fields": {"displayname": "Double K", "name": "doublek"}},{"pk": 26, "model": "deviceapp.manufacturer", "fields": {"displayname": "Dynax", "name": "dynax"}},{"pk": 27, "model": "deviceapp.manufacturer", "fields": {"displayname": "Edemco", "name": "edemco"}},{"pk": 28, "model": "deviceapp.manufacturer", "fields": {"displayname": "E-Jay International", "name": "ejayinternational"}},{"pk": 29, "model": "deviceapp.manufacturer", "fields": {"displayname": "Ellman", "name": "ellman"}},{"pk": 30, "model": "deviceapp.manufacturer", "fields": {"displayname": "EMS Products", "name": "emsproducts"}},{"pk": 31, "model": "deviceapp.manufacturer", "fields": {"displayname": "Engler", "name": "engler"}},{"pk": 32, "model": "deviceapp.manufacturer", "fields": {"displayname": "Fisher", "name": "fisher"}},{"pk": 33, "model": "deviceapp.manufacturer", "fields": {"displayname": "Four Flags over Aspen", "name": "fourflagsoveraspen"}},{"pk": 34, "model": "deviceapp.manufacturer", "fields": {"displayname": "Game Ready", "name": "gameready"}},{"pk": 35, "model": "deviceapp.manufacturer", "fields": {"displayname": "Gaymar", "name": "gaymar"}},{"pk": 36, "model": "deviceapp.manufacturer", "fields": {"displayname": "H and O Equipment", "name": "handoequipment"}},{"pk": 37, "model": "deviceapp.manufacturer", "fields": {"displayname": "H20 for Fitness", "name": "h20forfitness"}},{"pk": 38, "model": "deviceapp.manufacturer", "fields": {"displayname": "Health-O-Meter", "name": "healthometer"}},{"pk": 39, "model": "deviceapp.manufacturer", "fields": {"displayname": "Heska", "name": "heska"}},{"pk": 40, "model": "deviceapp.manufacturer", "fields": {"displayname": "Hug-U-Vac", "name": "huguvac"}},{"pk": 41, "model": "deviceapp.manufacturer", "fields": {"displayname": "IDEXX", "name": "idexx"}},{"pk": 42, "model": "deviceapp.manufacturer", "fields": {"displayname": "ImageWorks", "name": "imageworks"}},{"pk": 43, "model": "deviceapp.manufacturer", "fields": {"displayname": "Integra Miltex", "name": "integramiltex"}},{"pk": 44, "model": "deviceapp.manufacturer", "fields": {"displayname": "Integrated Rental Services", "name": "integratedrentalservices"}},{"pk": 45, "model": "deviceapp.manufacturer", "fields": {"displayname": "Jorgensen", "name": "jorgensen"}},{"pk": 46, "model": "deviceapp.manufacturer", "fields": {"displayname": "K Laser", "name": "klaser"}},{"pk": 47, "model": "deviceapp.manufacturer", "fields": {"displayname": "Kacey Inc", "name": "kaceyinc"}},{"pk": 48, "model": "deviceapp.manufacturer", "fields": {"displayname": "KVP", "name": "kvp"}},{"pk": 49, "model": "deviceapp.manufacturer", "fields": {"displayname": "Laube", "name": "laube"}},{"pk": 50, "model": "deviceapp.manufacturer", "fields": {"displayname": "Lyon", "name": "lyon"}},{"pk": 51, "model": "deviceapp.manufacturer", "fields": {"displayname": "MAI", "name": "mai"}},{"pk": 52, "model": "deviceapp.manufacturer", "fields": {"displayname": "Masimo", "name": "masimo"}},{"pk": 53, "model": "deviceapp.manufacturer", "fields": {"displayname": "Matrx", "name": "matrx"}},{"pk": 54, "model": "deviceapp.manufacturer", "fields": {"displayname": "Med Illum", "name": "medillum"}},{"pk": 55, "model": "deviceapp.manufacturer", "fields": {"displayname": "Medicatech USA", "name": "medicatechusa"}},{"pk": 56, "model": "deviceapp.manufacturer", "fields": {"displayname": "Medline", "name": "medline"}},{"pk": 57, "model": "deviceapp.manufacturer", "fields": {"displayname": "Midmark", "name": "midmark"}},{"pk": 58, "model": "deviceapp.manufacturer", "fields": {"displayname": "Midmark/DB7", "name": "midmarkdb7"}},{"pk": 59, "model": "deviceapp.manufacturer", "fields": {"displayname": "Midmark/Matrx", "name": "midmarkmatrx"}},{"pk": 60, "model": "deviceapp.manufacturer", "fields": {"displayname": "Min Xray", "name": "minxray"}},{"pk": 61, "model": "deviceapp.manufacturer", "fields": {"displayname": "MinX-ray/Vedco", "name": "minxrayvedco"}},{"pk": 62, "model": "deviceapp.manufacturer", "fields": {"displayname": "N/A", "name": "na"}},{"pk": 63, "model": "deviceapp.manufacturer", "fields": {"displayname": "National", "name": "national"}},{"pk": 64, "model": "deviceapp.manufacturer", "fields": {"displayname": "Nellcor", "name": "nellcor"}},{"pk": 65, "model": "deviceapp.manufacturer", "fields": {"displayname": "Neogen", "name": "neogen"}},{"pk": 66, "model": "deviceapp.manufacturer", "fields": {"displayname": "Nihon Kohden", "name": "nihonkohden"}},{"pk": 67, "model": "deviceapp.manufacturer", "fields": {"displayname": "Nikon", "name": "nikon"}},{"pk": 68, "model": "deviceapp.manufacturer", "fields": {"displayname": "Nonin", "name": "nonin"}},{"pk": 69, "model": "deviceapp.manufacturer", "fields": {"displayname": "Northwest Scale", "name": "northwestscale"}},{"pk": 70, "model": "deviceapp.manufacturer", "fields": {"displayname": "Olympic Veterinary", "name": "olympicveterinary"}},{"pk": 71, "model": "deviceapp.manufacturer", "fields": {"displayname": "OrthoPets", "name": "orthopets"}},{"pk": 72, "model": "deviceapp.manufacturer", "fields": {"displayname": "Oster", "name": "oster"}},{"pk": 73, "model": "deviceapp.manufacturer", "fields": {"displayname": "Pedigo", "name": "pedigo"}},{"pk": 74, "model": "deviceapp.manufacturer", "fields": {"displayname": "Performance Fabrics", "name": "performancefabrics"}},{"pk": 75, "model": "deviceapp.manufacturer", "fields": {"displayname": "Radiation Concepts", "name": "radiationconcepts"}},{"pk": 76, "model": "deviceapp.manufacturer", "fields": {"displayname": "Rena's", "name": "rena's"}},{"pk": 77, "model": "deviceapp.manufacturer", "fields": {"displayname": "Rx Count", "name": "rxcount"}},{"pk": 78, "model": "deviceapp.manufacturer", "fields": {"displayname": "Schuco", "name": "schuco"}},{"pk": 79, "model": "deviceapp.manufacturer", "fields": {"displayname": "Securos", "name": "securos"}},{"pk": 80, "model": "deviceapp.manufacturer", "fields": {"displayname": "Sedecal", "name": "sedecal"}},{"pk": 81, "model": "deviceapp.manufacturer", "fields": {"displayname": "Sharn", "name": "sharn"}},{"pk": 82, "model": "deviceapp.manufacturer", "fields": {"displayname": "Shielding Int", "name": "shieldingint"}},{"pk": 83, "model": "deviceapp.manufacturer", "fields": {"displayname": "Snyder Mfg", "name": "snydermfg"}},{"pk": 84, "model": "deviceapp.manufacturer", "fields": {"displayname": "Spectronics", "name": "spectronics"}},{"pk": 85, "model": "deviceapp.manufacturer", "fields": {"displayname": "Stat Spin", "name": "statspin"}},{"pk": 86, "model": "deviceapp.manufacturer", "fields": {"displayname": "Summit Hill", "name": "summithill"}},{"pk": 87, "model": "deviceapp.manufacturer", "fields": {"displayname": "SurgiVet", "name": "surgivet"}},{"pk": 88, "model": "deviceapp.manufacturer", "fields": {"displayname": "Swift", "name": "swift"}},{"pk": 89, "model": "deviceapp.manufacturer", "fields": {"displayname": "Treasure Valley X-Ray", "name": "treasurevalleyxray"}},{"pk": 90, "model": "deviceapp.manufacturer", "fields": {"displayname": "Triumph Medical Services", "name": "triumphmedicalservices"}},{"pk": 91, "model": "deviceapp.manufacturer", "fields": {"displayname": "Tuttnauer", "name": "tuttnauer"}},{"pk": 92, "model": "deviceapp.manufacturer", "fields": {"displayname": "Unico", "name": "unico"}},{"pk": 93, "model": "deviceapp.manufacturer", "fields": {"displayname": "Unico/VetOne", "name": "unicovetone"}},{"pk": 94, "model": "deviceapp.manufacturer", "fields": {"displayname": "United Rad", "name": "unitedrad"}},{"pk": 95, "model": "deviceapp.manufacturer", "fields": {"displayname": "Universal Imaging Inc", "name": "universalimaginginc"}},{"pk": 96, "model": "deviceapp.manufacturer", "fields": {"displayname": "Vedco", "name": "vedco"}},{"pk": 97, "model": "deviceapp.manufacturer", "fields": {"displayname": "Vetland", "name": "vetland"}},{"pk": 98, "model": "deviceapp.manufacturer", "fields": {"displayname": "VetOne", "name": "vetone"}},{"pk": 99, "model": "deviceapp.manufacturer", "fields": {"displayname": "VetOne/Securos", "name": "vetonesecuros"}},{"pk": 100, "model": "deviceapp.manufacturer", "fields": {"displayname": "VetOne/Unico", "name": "vetoneunico"}},{"pk": 101, "model": "deviceapp.manufacturer", "fields": {"displayname": "VMed Technology/EMS Products", "name": "vmedtechnologyemsproducts"}},{"pk": 102, "model": "deviceapp.manufacturer", "fields": {"displayname": "VSSI", "name": "vssi"}},{"pk": 103, "model": "deviceapp.manufacturer", "fields": {"displayname": "Wahl", "name": "wahl"}},{"pk": 104, "model": "deviceapp.manufacturer", "fields": {"displayname": "Welch Allyn", "name": "welchallyn"}},{"pk": 105, "model": "deviceapp.manufacturer", "fields": {"displayname": "Wolf X-Ray Corp", "name": "wolfxraycorp"}},
{"pk": 1, "model": "deviceapp.industry", "fields": {"displayname": "Veterinary", "name": "veterinary"}},
{"pk": 35, "model": "deviceapp.category", "fields": {"industry": 1, "displayname": "Therapy and Rehabilitation", "name": "therapyandrehabilitation", "totalunits": 0}},
{"pk": 19, "model": "deviceapp.category", "fields": {"industry": 1, "displayname": "Miscellaneous equipment and supplies", "name": "miscellaneousequipmentandsupplies", "totalunits": 0}},
{"pk": 20, "model": "deviceapp.category", "fields": {"industry": 1, "displayname": "Monitors", "name": "monitors", "totalunits": 0}},
{"pk": 21, "model": "deviceapp.category", "fields": {"industry": 1, "displayname": "MRI Compatible", "name": "mricompatible", "totalunits": 0}},
{"pk": 22, "model": "deviceapp.category", "fields": {"industry": 1, "displayname": "Narcotic Safes", "name": "narcoticsafes", "totalunits": 0}},
{"pk": 15, "model": "deviceapp.category", "fields": {"industry": 1, "displayname": "Grooming", "name": "grooming", "totalunits": 0}},
{"pk": 16, "model": "deviceapp.category", "fields": {"industry": 1, "displayname": "Laboratory", "name": "laboratory", "totalunits": 0}},
{"pk": 17, "model": "deviceapp.category", "fields": {"industry": 1, "displayname": "Large Animal Specialty", "name": "largeanimalspecialty", "totalunits": 0}},
{"pk": 18, "model": "deviceapp.category", "fields": {"industry": 1, "displayname": "Lighting", "name": "lighting", "totalunits": 0}},
{"pk": 37, "model": "deviceapp.category", "fields": {"industry": 1, "displayname": "X Ray", "name": "xray", "totalunits": 0}},
{"pk": 36, "model": "deviceapp.category", "fields": {"industry": 1, "displayname": "Ultrasound", "name": "ultrasound", "totalunits": 0}},
{"pk": 34, "model": "deviceapp.category", "fields": {"industry": 1, "displayname": "Tables", "name": "tables", "totalunits": 0}},
{"pk": 11, "model": "deviceapp.category", "fields": {"industry": 1, "displayname": "Endoscopy", "name": "endoscopy", "totalunits": 0}},
{"pk": 33, "model": "deviceapp.category", "fields": {"industry": 1, "displayname": "Surgery and Surgical Instruments", "name": "surgeryandsurgicalinstruments", "totalunits": 0}},
{"pk": 1, "model": "deviceapp.category", "fields": {"industry": 1, "displayname": "Anesthesia", "name": "anesthesia", "totalunits": 0}},
{"pk": 3, "model": "deviceapp.category", "fields": {"industry": 1, "displayname": "Autoclaves, Sterilization and Instrument Care", "name": "autoclavessterilizationandinstrumentcare", "totalunits": 0}},
{"pk": 2, "model": "deviceapp.category", "fields": {"industry": 1, "displayname": "Aspirators", "name": "aspirators", "totalunits": 0}},
{"pk": 4, "model": "deviceapp.category", "fields": {"industry": 1, "displayname": "Cages, Boarding and Holding", "name": "cagesboardingandholding", "totalunits": 0}},
{"pk": 32, "model": "deviceapp.category", "fields": {"industry": 1, "displayname": "Sinks and Tubs", "name": "sinksandtubs", "totalunits": 0}},
{"pk": 31, "model": "deviceapp.category", "fields": {"industry": 1, "displayname": "Seating and chairs", "name": "seatingandchairs", "totalunits": 0}},
{"pk": 6, "model": "deviceapp.category", "fields": {"industry": 1, "displayname": "Critical Care and Recovery", "name": "criticalcareandrecovery", "totalunits": 0}},
{"pk": 5, "model": "deviceapp.category", "fields": {"industry": 1, "displayname": "Casework", "name": "casework", "totalunits": 0}},
{"pk": 8, "model": "deviceapp.category", "fields": {"industry": 1, "displayname": "Diagnostic", "name": "diagnostic", "totalunits": 0}},
{"pk": 7, "model": "deviceapp.category", "fields": {"industry": 1, "displayname": "Dental", "name": "dental", "totalunits": 0}},
{"pk": 10, "model": "deviceapp.category", "fields": {"industry": 1, "displayname": "Emergency equipment", "name": "emergencyequipment", "totalunits": 0}},
{"pk": 9, "model": "deviceapp.category", "fields": {"industry": 1, "displayname": "Electrosurgery and Cryosurgery", "name": "electrosurgeryandcryosurgery", "totalunits": 0}},
{"pk": 12, "model": "deviceapp.category", "fields": {"industry": 1, "displayname": "Equine specialty", "name": "equinespecialty", "totalunits": 0}},
{"pk": 14, "model": "deviceapp.category", "fields": {"industry": 1, "displayname": "Fluid and Drug administration", "name": "fluidanddrugadministration", "totalunits": 0}},
{"pk": 13, "model": "deviceapp.category", "fields": {"industry": 1, "displayname": "Farrier Supplies", "name": "farriersupplies", "totalunits": 0}},
{"pk": 24, "model": "deviceapp.category", "fields": {"industry": 1, "displayname": "Patient Warming", "name": "patientwarming", "totalunits": 0}},
{"pk": 23, "model": "deviceapp.category", "fields": {"industry": 1, "displayname": "Patient Transport and Handling", "name": "patienttransportandhandling", "totalunits": 0}},
{"pk": 30, "model": "deviceapp.category", "fields": {"industry": 1, "displayname": "Scales", "name": "scales", "totalunits": 0}},
{"pk": 29, "model": "deviceapp.category", "fields": {"industry": 1, "displayname": "Reproduction", "name": "reproduction", "totalunits": 0}},
{"pk": 28, "model": "deviceapp.category", "fields": {"industry": 1, "displayname": "Regenerative medicine", "name": "regenerativemedicine", "totalunits": 0}},
{"pk": 27, "model": "deviceapp.category", "fields": {"industry": 1, "displayname": "Protective wear", "name": "protectivewear", "totalunits": 0}},
{"pk": 26, "model": "deviceapp.category", "fields": {"industry": 1, "displayname": "Pharmacy Supplies and Management", "name": "pharmacysuppliesandmanagement", "totalunits": 0}},
{"pk": 25, "model": "deviceapp.category", "fields": {"industry": 1, "displayname": "Pharmaceuticals and Biologics", "name": "pharmaceuticalsandbiologics", "totalunits": 0}},
{"pk": 1, "model": "deviceapp.subcategory", "fields": {"category": [37], "totalunits": 0, "displayname": "X-Ray apron and glove racks", "name": "xrayapronandgloveracks", "maincategory": 37}},
{"pk": 2, "model": "deviceapp.subcategory", "fields": {"category": [16], "totalunits": 0, "displayname": "Tube Rockers", "name": "tuberockers", "maincategory": 16}},
{"pk": 3, "model": "deviceapp.subcategory", "fields": {"category": [18], "totalunits": 0, "displayname": "Woods Lights", "name": "woodslights", "maincategory": 18}},
{"pk": 4, "model": "deviceapp.subcategory", "fields": {"category": [16], "totalunits": 0, "displayname": "Microscope Camera Systems", "name": "microscopecamerasystems", "maincategory": 16}},
{"pk": 5, "model": "deviceapp.subcategory", "fields": {"category": [11], "totalunits": 0, "displayname": "Endoscopy light sources", "name": "endoscopylightsources", "maincategory": 11}},
{"pk": 6, "model": "deviceapp.subcategory", "fields": {"category": [20], "totalunits": 0, "displayname": "Rolling Stands", "name": "rollingstands", "maincategory": 20}},
{"pk": 7, "model": "deviceapp.subcategory", "fields": {"category": [8], "totalunits": 0, "displayname": "Stethoscopes", "name": "stethoscopes", "maincategory": 8}},
{"pk": 8, "model": "deviceapp.subcategory", "fields": {"category": [12], "totalunits": 0, "displayname": "Other equine equipment", "name": "otherequineequipment", "maincategory": 12}},
{"pk": 9, "model": "deviceapp.subcategory", "fields": {"category": [16], "totalunits": 0, "displayname": "Hot Water Bath for samples", "name": "hotwaterbathforsamples", "maincategory": 16}},
{"pk": 10, "model": "deviceapp.subcategory", "fields": {"category": [12, 28], "totalunits": 0, "displayname": "IRAP system and supplies", "name": "irapsystemandsupplies", "maincategory": 12}},
{"pk": 11, "model": "deviceapp.subcategory", "fields": {"category": [7], "totalunits": 0, "displayname": "Dental Stations", "name": "dentalstations", "maincategory": 7}},
{"pk": 12, "model": "deviceapp.subcategory", "fields": {"category": [6, 10], "totalunits": 0, "displayname": "Other critical care equipment", "name": "othercriticalcareequipment", "maincategory": 6}},
{"pk": 13, "model": "deviceapp.subcategory", "fields": {"category": [32], "totalunits": 0, "displayname": "Eye Wash Stations", "name": "eyewashstations", "maincategory": 32}},
{"pk": 14, "model": "deviceapp.subcategory", "fields": {"category": [1], "totalunits": 0, "displayname": "Scavenging Systems", "name": "scavengingsystems", "maincategory": 1}},
{"pk": 15, "model": "deviceapp.subcategory", "fields": {"category": [1], "totalunits": 0, "displayname": "Large Animal Anesthesia", "name": "largeanimalanesthesia", "maincategory": 1}},
{"pk": 16, "model": "deviceapp.subcategory", "fields": {"category": [7, 34], "totalunits": 0, "displayname": "Dental Tables", "name": "dentaltables", "maincategory": 7}},
{"pk": 17, "model": "deviceapp.subcategory", "fields": {"category": [8], "totalunits": 0, "displayname": "Dermascout", "name": "dermascout", "maincategory": 8}},
{"pk": 18, "model": "deviceapp.subcategory", "fields": {"category": [14], "totalunits": 0, "displayname": "Syringe Pumps", "name": "syringepumps", "maincategory": 14}},
{"pk": 19, "model": "deviceapp.subcategory", "fields": {"category": [7], "totalunits": 0, "displayname": "Equine Dental supplies", "name": "equinedentalsupplies", "maincategory": 7}},
{"pk": 20, "model": "deviceapp.subcategory", "fields": {"category": [17, 33], "totalunits": 0, "displayname": "Surgical Packs", "name": "surgicalpacks", "maincategory": 17}},
{"pk": 21, "model": "deviceapp.subcategory", "fields": {"category": [9], "totalunits": 0, "displayname": "Electrosurgery", "name": "electrosurgery", "maincategory": 9}},
{"pk": 22, "model": "deviceapp.subcategory", "fields": {"category": [4], "totalunits": 0, "displayname": "Cat Condos", "name": "catcondos", "maincategory": 4}},
{"pk": 23, "model": "deviceapp.subcategory", "fields": {"category": [8], "totalunits": 0, "displayname": "Transilluminators - Ocular", "name": "transilluminatorsocular", "maincategory": 8}},
{"pk": 24, "model": "deviceapp.subcategory", "fields": {"category": [18], "totalunits": 0, "displayname": "Track Options", "name": "trackoptions", "maincategory": 18}},
{"pk": 25, "model": "deviceapp.subcategory", "fields": {"category": [3], "totalunits": 0, "displayname": "Autoclaves", "name": "autoclaves", "maincategory": 3}},
{"pk": 26, "model": "deviceapp.subcategory", "fields": {"category": [34], "totalunits": 0, "displayname": "Tables and Stands - Other", "name": "tablesandstandsother", "maincategory": 34}},
{"pk": 27, "model": "deviceapp.subcategory", "fields": {"category": [20], "totalunits": 0, "displayname": "Electrocardiography", "name": "electrocardiography", "maincategory": 20}},
{"pk": 28, "model": "deviceapp.subcategory", "fields": {"category": [6], "totalunits": 0, "displayname": "Oxygen Sensors", "name": "oxygensensors", "maincategory": 6}},
{"pk": 29, "model": "deviceapp.subcategory", "fields": {"category": [30], "totalunits": 0, "displayname": "Pediatric Scales", "name": "pediatricscales", "maincategory": 30}},
{"pk": 30, "model": "deviceapp.subcategory", "fields": {"category": [5, 32], "totalunits": 0, "displayname": "Wet/Prep and Casework", "name": "wetprepandcasework", "maincategory": 5}},
{"pk": 31, "model": "deviceapp.subcategory", "fields": {"category": [3], "totalunits": 0, "displayname": "Ultrasonic Cleaners", "name": "ultrasoniccleaners", "maincategory": 3}},
{"pk": 32, "model": "deviceapp.subcategory", "fields": {"category": [29], "totalunits": 0, "displayname": "Small animal reproduction equipment", "name": "smallanimalreproductionequipment", "maincategory": 29}},
{"pk": 33, "model": "deviceapp.subcategory", "fields": {"category": [36], "totalunits": 0, "displayname": "Ultrasound Probes", "name": "ultrasoundprobes", "maincategory": 36}},
{"pk": 34, "model": "deviceapp.subcategory", "fields": {"category": [1, 21], "totalunits": 0, "displayname": "MRI Compatible Anesthesia", "name": "mricompatibleanesthesia", "maincategory": 1}},
{"pk": 35, "model": "deviceapp.subcategory", "fields": {"category": [25], "totalunits": 0, "displayname": "Pharmaceuticals", "name": "pharmaceuticals", "maincategory": 25}},
{"pk": 36, "model": "deviceapp.subcategory", "fields": {"category": [1], "totalunits": 0, "displayname": "Oxygen Concentrators", "name": "oxygenconcentrators", "maincategory": 1}},
{"pk": 37, "model": "deviceapp.subcategory", "fields": {"category": [7], "totalunits": 0, "displayname": "Dental Units", "name": "dentalunits", "maincategory": 7}},
{"pk": 38, "model": "deviceapp.subcategory", "fields": {"category": [14], "totalunits": 0, "displayname": "Infusion Pumps", "name": "infusionpumps", "maincategory": 14}},
{"pk": 39, "model": "deviceapp.subcategory", "fields": {"category": [33, 34], "totalunits": 0, "displayname": "Cast Cutters", "name": "castcutters", "maincategory": 33}},
{"pk": 40, "model": "deviceapp.subcategory", "fields": {"category": [16], "totalunits": 0, "displayname": "Refractomoters", "name": "refractomoters", "maincategory": 16}},
{"pk": 41, "model": "deviceapp.subcategory", "fields": {"category": [12, 13, 37], "totalunits": 0, "displayname": "Equine x-ray aids", "name": "equinexrayaids", "maincategory": 12}},
{"pk": 42, "model": "deviceapp.subcategory", "fields": {"category": [35], "totalunits": 0, "displayname": "Lasers", "name": "lasers", "maincategory": 35}},
{"pk": 43, "model": "deviceapp.subcategory", "fields": {"category": [21], "totalunits": 0, "displayname": "MRI equipment", "name": "mriequipment", "maincategory": 21}},
{"pk": 44, "model": "deviceapp.subcategory", "fields": {"category": [1], "totalunits": 0, "displayname": "Vaporizers", "name": "vaporizers", "maincategory": 1}},
{"pk": 45, "model": "deviceapp.subcategory", "fields": {"category": [12, 35], "totalunits": 0, "displayname": "Game Ready", "name": "gameready", "maincategory": 12}},
{"pk": 46, "model": "deviceapp.subcategory", "fields": {"category": [20], "totalunits": 0, "displayname": "Resipiration Monitors", "name": "resipirationmonitors", "maincategory": 20}},
{"pk": 47, "model": "deviceapp.subcategory", "fields": {"category": [3, 16], "totalunits": 0, "displayname": "Water Distillers", "name": "waterdistillers", "maincategory": 3}},
{"pk": 48, "model": "deviceapp.subcategory", "fields": {"category": [3], "totalunits": 0, "displayname": "Gas Sterilization", "name": "gassterilization", "maincategory": 3}},
{"pk": 49, "model": "deviceapp.subcategory", "fields": {"category": [7], "totalunits": 0, "displayname": "Water Supply", "name": "watersupply", "maincategory": 7}},
{"pk": 50, "model": "deviceapp.subcategory", "fields": {"category": [1], "totalunits": 0, "displayname": "Small Animal Mobile anesthesia", "name": "smallanimalmobileanesthesia", "maincategory": 1}},
{"pk": 51, "model": "deviceapp.subcategory", "fields": {"category": [14], "totalunits": 0, "displayname": "Other fluid and drug administration supplies", "name": "otherfluidanddrugadministrationsupplies", "maincategory": 14}},
{"pk": 52, "model": "deviceapp.subcategory", "fields": {"category": [32], "totalunits": 0, "displayname": "Sink Accessories", "name": "sinkaccessories", "maincategory": 32}},
{"pk": 53, "model": "deviceapp.subcategory", "fields": {"category": [12, 35], "totalunits": 0, "displayname": "Treadmill", "name": "treadmill", "maincategory": 12}},
{"pk": 54, "model": "deviceapp.subcategory", "fields": {"category": [6], "totalunits": 0, "displayname": "Intensive care units", "name": "intensivecareunits", "maincategory": 6}},
{"pk": 55, "model": "deviceapp.subcategory", "fields": {"category": [24], "totalunits": 0, "displayname": "Convective Warm Air Warming Systems", "name": "convectivewarmairwarmingsystems", "maincategory": 24}},
{"pk": 56, "model": "deviceapp.subcategory", "fields": {"category": [20], "totalunits": 0, "displayname": "Multi-Parameter Monitors", "name": "multiparametermonitors", "maincategory": 20}},
{"pk": 57, "model": "deviceapp.subcategory", "fields": {"category": [37], "totalunits": 0, "displayname": "X-Ray casettes", "name": "xraycasettes", "maincategory": 37}},
{"pk": 58, "model": "deviceapp.subcategory", "fields": {"category": [29], "totalunits": 0, "displayname": "Large animal reproduction equipment", "name": "largeanimalreproductionequipment", "maincategory": 29}},
{"pk": 59, "model": "deviceapp.subcategory", "fields": {"category": [31], "totalunits": 0, "displayname": "Seating and chairs", "name": "seatingandchairs", "maincategory": 31}},
{"pk": 60, "model": "deviceapp.subcategory", "fields": {"category": [15], "totalunits": 0, "displayname": "Clippers", "name": "clippers", "maincategory": 15}},
{"pk": 61, "model": "deviceapp.subcategory", "fields": {"category": [8], "totalunits": 0, "displayname": "Orthopedic", "name": "orthopedic", "maincategory": 8}},
{"pk": 62, "model": "deviceapp.subcategory", "fields": {"category": [20], "totalunits": 0, "displayname": "Capnography", "name": "capnography", "maincategory": 20}},
{"pk": 63, "model": "deviceapp.subcategory", "fields": {"category": [12, 17, 29], "totalunits": 0, "displayname": "Semen Collection", "name": "semencollection", "maincategory": 12}},
{"pk": 64, "model": "deviceapp.subcategory", "fields": {"category": [8], "totalunits": 0, "displayname": "Tonometer", "name": "tonometer", "maincategory": 8}},
{"pk": 65, "model": "deviceapp.subcategory", "fields": {"category": [15], "totalunits": 0, "displayname": "Trimmers", "name": "trimmers", "maincategory": 15}},
{"pk": 66, "model": "deviceapp.subcategory", "fields": {"category": [16], "totalunits": 0, "displayname": "IDEXX In-House Diagnostics", "name": "idexxinhousediagnostics", "maincategory": 16}},
{"pk": 67, "model": "deviceapp.subcategory", "fields": {"category": [27, 37], "totalunits": 0, "displayname": "X-Ray Protective wear and apparel", "name": "xrayprotectivewearandapparel", "maincategory": 27}},
{"pk": 68, "model": "deviceapp.subcategory", "fields": {"category": [1], "totalunits": 0, "displayname": "Induction Chamber", "name": "inductionchamber", "maincategory": 1}},
{"pk": 69, "model": "deviceapp.subcategory", "fields": {"category": [21], "totalunits": 0, "displayname": "MRI Compatible", "name": "mricompatible", "maincategory": 21}},
{"pk": 70, "model": "deviceapp.subcategory", "fields": {"category": [25], "totalunits": 0, "displayname": "Biologics", "name": "biologics", "maincategory": 25}},
{"pk": 71, "model": "deviceapp.subcategory", "fields": {"category": [1], "totalunits": 0, "displayname": "Other anesthesia equipment", "name": "otheranesthesiaequipment", "maincategory": 1}},
{"pk": 72, "model": "deviceapp.subcategory", "fields": {"category": [30], "totalunits": 0, "displayname": "Gram Scales", "name": "gramscales", "maincategory": 30}},
{"pk": 73, "model": "deviceapp.subcategory", "fields": {"category": [5, 34], "totalunits": 0, "displayname": "Exam Tables", "name": "examtables", "maincategory": 5}},
{"pk": 74, "model": "deviceapp.subcategory", "fields": {"category": [36], "totalunits": 0, "displayname": "Ultrasound standoff pads", "name": "ultrasoundstandoffpads", "maincategory": 36}},
{"pk": 75, "model": "deviceapp.subcategory", "fields": {"category": [4], "totalunits": 0, "displayname": "Cage Options and accessories", "name": "cageoptionsandaccessories", "maincategory": 4}},
{"pk": 76, "model": "deviceapp.subcategory", "fields": {"category": [23, 27], "totalunits": 0, "displayname": "Handling Gloves", "name": "handlinggloves", "maincategory": 23}},
{"pk": 77, "model": "deviceapp.subcategory", "fields": {"category": [37], "totalunits": 0, "displayname": "Small Animal Full Body X-ray", "name": "smallanimalfullbodyxray", "maincategory": 37}},
{"pk": 78, "model": "deviceapp.subcategory", "fields": {"category": [15], "totalunits": 0, "displayname": "Bathing", "name": "bathing", "maincategory": 15}},
{"pk": 79, "model": "deviceapp.subcategory", "fields": {"category": [33], "totalunits": 0, "displayname": "Insrument Mayo Stands", "name": "insrumentmayostands", "maincategory": 33}},
{"pk": 80, "model": "deviceapp.subcategory", "fields": {"category": [12, 17, 33], "totalunits": 0, "displayname": "Emasculators", "name": "emasculators", "maincategory": 12}},
{"pk": 81, "model": "deviceapp.subcategory", "fields": {"category": [8], "totalunits": 0, "displayname": "Laryngoscope Handles and Blades", "name": "laryngoscopehandlesandblades", "maincategory": 8}},
{"pk": 82, "model": "deviceapp.subcategory", "fields": {"category": [16], "totalunits": 0, "displayname": "Microscopes", "name": "microscopes", "maincategory": 16}},
{"pk": 83, "model": "deviceapp.subcategory", "fields": {"category": [8], "totalunits": 0, "displayname": "Oto/Ophthalmoscope Handles and Chargers", "name": "otoophthalmoscopehandlesandchargers", "maincategory": 8}},
{"pk": 84, "model": "deviceapp.subcategory", "fields": {"category": [5], "totalunits": 0, "displayname": "Casework cabinets", "name": "caseworkcabinets", "maincategory": 5}},
{"pk": 85, "model": "deviceapp.subcategory", "fields": {"category": [8], "totalunits": 0, "displayname": "Loupes and Optivisors", "name": "loupesandoptivisors", "maincategory": 8}},
{"pk": 86, "model": "deviceapp.subcategory", "fields": {"category": [4], "totalunits": 0, "displayname": "Cage Banks", "name": "cagebanks", "maincategory": 4}},
{"pk": 87, "model": "deviceapp.subcategory", "fields": {"category": [37], "totalunits": 0, "displayname": "Portable Handheld X-Ray generators", "name": "portablehandheldxraygenerators", "maincategory": 37}},
{"pk": 88, "model": "deviceapp.subcategory", "fields": {"category": [35], "totalunits": 0, "displayname": "Other therapy and rehabilitation equimpment", "name": "othertherapyandrehabilitationequimpment", "maincategory": 35}},
{"pk": 89, "model": "deviceapp.subcategory", "fields": {"category": [8], "totalunits": 0, "displayname": "Ophthalmoscopes", "name": "ophthalmoscopes", "maincategory": 8}},
{"pk": 90, "model": "deviceapp.subcategory", "fields": {"category": [23], "totalunits": 0, "displayname": "Stretchers and Gurneys", "name": "stretchersandgurneys", "maincategory": 23}},
{"pk": 91, "model": "deviceapp.subcategory", "fields": {"category": [9, 12], "totalunits": 0, "displayname": "Equine Cryosurgery", "name": "equinecryosurgery", "maincategory": 9}},
{"pk": 92, "model": "deviceapp.subcategory", "fields": {"category": [7, 37], "totalunits": 0, "displayname": "Dental X-Ray", "name": "dentalxray", "maincategory": 7}},
{"pk": 93, "model": "deviceapp.subcategory", "fields": {"category": [11], "totalunits": 0, "displayname": "Endoscopy accessories", "name": "endoscopyaccessories", "maincategory": 11}},
{"pk": 94, "model": "deviceapp.subcategory", "fields": {"category": [6], "totalunits": 0, "displayname": "Resuscitation", "name": "resuscitation", "maincategory": 6}},
{"pk": 95, "model": "deviceapp.subcategory", "fields": {"category": [7], "totalunits": 0, "displayname": "Scalar/Polisher Units", "name": "scalarpolisherunits", "maincategory": 7}},
{"pk": 96, "model": "deviceapp.subcategory", "fields": {"category": [14], "totalunits": 0, "displayname": "MRI Compatible Syringe Pumps", "name": "mricompatiblesyringepumps", "maincategory": 14}},
{"pk": 97, "model": "deviceapp.subcategory", "fields": {"category": [11], "totalunits": 0, "displayname": "Endoscopes", "name": "endoscopes", "maincategory": 11}},
{"pk": 98, "model": "deviceapp.subcategory", "fields": {"category": [12, 28], "totalunits": 0, "displayname": "Other regenerative medicine supplies", "name": "otherregenerativemedicinesupplies", "maincategory": 12}},
{"pk": 99, "model": "deviceapp.subcategory", "fields": {"category": [30], "totalunits": 0, "displayname": "Platform Scales", "name": "platformscales", "maincategory": 30}},
{"pk": 100, "model": "deviceapp.subcategory", "fields": {"category": [22], "totalunits": 0, "displayname": "Narcotic Safes", "name": "narcoticsafes", "maincategory": 22}},
{"pk": 101, "model": "deviceapp.subcategory", "fields": {"category": [12], "totalunits": 0, "displayname": "Nuclear Scintigraphy equipment", "name": "nuclearscintigraphyequipment", "maincategory": 12}},
{"pk": 102, "model": "deviceapp.subcategory", "fields": {"category": [16], "totalunits": 0, "displayname": "Incubators", "name": "incubators", "maincategory": 16}},
{"pk": 103, "model": "deviceapp.subcategory", "fields": {"category": [13], "totalunits": 0, "displayname": "Farrier tools", "name": "farriertools", "maincategory": 13}},
{"pk": 104, "model": "deviceapp.subcategory", "fields": {"category": [9], "totalunits": 0, "displayname": "Cryosurgery", "name": "cryosurgery", "maincategory": 9}},
{"pk": 105, "model": "deviceapp.subcategory", "fields": {"category": [36], "totalunits": 0, "displayname": "Ultrasounds", "name": "ultrasounds", "maincategory": 36}},
{"pk": 106, "model": "deviceapp.subcategory", "fields": {"category": [14], "totalunits": 0, "displayname": "IV Cage Mount", "name": "ivcagemount", "maincategory": 14}},
{"pk": 107, "model": "deviceapp.subcategory", "fields": {"category": [14], "totalunits": 0, "displayname": "Fluid Warmers", "name": "fluidwarmers", "maincategory": 14}},
{"pk": 108, "model": "deviceapp.subcategory", "fields": {"category": [18], "totalunits": 0, "displayname": "Spot Lights", "name": "spotlights", "maincategory": 18}},
{"pk": 109, "model": "deviceapp.subcategory", "fields": {"category": [1], "totalunits": 0, "displayname": "Cuff Safe", "name": "cuffsafe", "maincategory": 1}},
{"pk": 110, "model": "deviceapp.subcategory", "fields": {"category": [15], "totalunits": 0, "displayname": "Dryers", "name": "dryers", "maincategory": 15}},
{"pk": 111, "model": "deviceapp.subcategory", "fields": {"category": [26], "totalunits": 0, "displayname": "Pill Counter", "name": "pillcounter", "maincategory": 26}},
{"pk": 112, "model": "deviceapp.subcategory", "fields": {"category": [4], "totalunits": 0, "displayname": "Kennel Runs", "name": "kennelruns", "maincategory": 4}},
{"pk": 113, "model": "deviceapp.subcategory", "fields": {"category": [20], "totalunits": 0, "displayname": "Other monitors", "name": "othermonitors", "maincategory": 20}},
{"pk": 114, "model": "deviceapp.subcategory", "fields": {"category": [8], "totalunits": 0, "displayname": "Otoscopes", "name": "otoscopes", "maincategory": 8}},
{"pk": 115, "model": "deviceapp.subcategory", "fields": {"category": [16], "totalunits": 0, "displayname": "ABAXIS In-House Diagnostics", "name": "abaxisinhousediagnostics", "maincategory": 16}},
{"pk": 116, "model": "deviceapp.subcategory", "fields": {"category": [16], "totalunits": 0, "displayname": "Centrifuges", "name": "centrifuges", "maincategory": 16}},
{"pk": 117, "model": "deviceapp.subcategory", "fields": {"category": [24], "totalunits": 0, "displayname": "Electric Warming Systems", "name": "electricwarmingsystems", "maincategory": 24}},
{"pk": 118, "model": "deviceapp.subcategory", "fields": {"category": [7], "totalunits": 0, "displayname": "Restorative", "name": "restorative", "maincategory": 7}},
{"pk": 119, "model": "deviceapp.subcategory", "fields": {"category": [1], "totalunits": 0, "displayname": "Small Animal Research/Lab anesthesia", "name": "smallanimalresearchlabanesthesia", "maincategory": 1}},
{"pk": 120, "model": "deviceapp.subcategory", "fields": {"category": [37], "totalunits": 0, "displayname": "Equine Digital X-Ray Systems", "name": "equinedigitalxraysystems", "maincategory": 37}},
{"pk": 121, "model": "deviceapp.subcategory", "fields": {"category": [5, 32], "totalunits": 0, "displayname": "Sinks and Tubs", "name": "sinksandtubs", "maincategory": 5}},
{"pk": 122, "model": "deviceapp.subcategory", "fields": {"category": [20], "totalunits": 0, "displayname": "Telemetry", "name": "telemetry", "maincategory": 20}},
{"pk": 123, "model": "deviceapp.subcategory", "fields": {"category": [1], "totalunits": 0, "displayname": "Gas Supply", "name": "gassupply", "maincategory": 1}},
{"pk": 124, "model": "deviceapp.subcategory", "fields": {"category": [2], "totalunits": 0, "displayname": "Aspirator Handles and Hoses", "name": "aspiratorhandlesandhoses", "maincategory": 2}},
{"pk": 125, "model": "deviceapp.subcategory", "fields": {"category": [24], "totalunits": 0, "displayname": "Water Circulating Warming Systems", "name": "watercirculatingwarmingsystems", "maincategory": 24}},
{"pk": 126, "model": "deviceapp.subcategory", "fields": {"category": [27], "totalunits": 0, "displayname": "Other protective wear and apparel", "name": "otherprotectivewearandapparel", "maincategory": 27}},
{"pk": 127, "model": "deviceapp.subcategory", "fields": {"category": [34], "totalunits": 0, "displayname": "Surgery Tables", "name": "surgerytables", "maincategory": 34}},
{"pk": 128, "model": "deviceapp.subcategory", "fields": {"category": [20], "totalunits": 0, "displayname": "Doppler", "name": "doppler", "maincategory": 20}},
{"pk": 129, "model": "deviceapp.subcategory", "fields": {"category": [1], "totalunits": 0, "displayname": "Small Animal Tabletop/Wall Mount Anesthesia", "name": "smallanimaltabletopwallmountanesthesia", "maincategory": 1}},
{"pk": 130, "model": "deviceapp.subcategory", "fields": {"category": [1, 7, 34, 37], "totalunits": 0, "displayname": "Positioners", "name": "positioners", "maincategory": 1}},
{"pk": 131, "model": "deviceapp.subcategory", "fields": {"category": [2], "totalunits": 0, "displayname": "Aspirators", "name": "aspirators", "maincategory": 2}},
{"pk": 132, "model": "deviceapp.subcategory", "fields": {"category": [8], "totalunits": 0, "displayname": "Thermometers", "name": "thermometers", "maincategory": 8}},
{"pk": 133, "model": "deviceapp.subcategory", "fields": {"category": [37], "totalunits": 0, "displayname": "Film ID Printers", "name": "filmidprinters", "maincategory": 37}},
{"pk": 134, "model": "deviceapp.subcategory", "fields": {"category": [1], "totalunits": 0, "displayname": "Ventilators", "name": "ventilators", "maincategory": 1}},
{"pk": 135, "model": "deviceapp.subcategory", "fields": {"category": [9], "totalunits": 0, "displayname": "Other electrosurgical equipment", "name": "otherelectrosurgicalequipment", "maincategory": 9}},
{"pk": 136, "model": "deviceapp.subcategory", "fields": {"category": [12], "totalunits": 0, "displayname": "Standing MRI", "name": "standingmri", "maincategory": 12}},
{"pk": 137, "model": "deviceapp.subcategory", "fields": {"category": [33], "totalunits": 0, "displayname": "Instrument Marking systems", "name": "instrumentmarkingsystems", "maincategory": 33}},
{"pk": 138, "model": "deviceapp.subcategory", "fields": {"category": [4, 6], "totalunits": 0, "displayname": "Cage O2 Therapy Doors", "name": "cageo2therapydoors", "maincategory": 4}},
{"pk": 139, "model": "deviceapp.subcategory", "fields": {"category": [12, 28], "totalunits": 0, "displayname": "PRP systems", "name": "prpsystems", "maincategory": 12}},
{"pk": 140, "model": "deviceapp.subcategory", "fields": {"category": [16], "totalunits": 0, "displayname": "Other lab equipment", "name": "otherlabequipment", "maincategory": 16}},
{"pk": 141, "model": "deviceapp.subcategory", "fields": {"category": [18, 33], "totalunits": 0, "displayname": "Surgical Lights", "name": "surgicallights", "maincategory": 18}},
{"pk": 142, "model": "deviceapp.subcategory", "fields": {"category": [37], "totalunits": 0, "displayname": "X-Ray illuminators and Lighting", "name": "xrayilluminatorsandlighting", "maincategory": 37}},
{"pk": 143, "model": "deviceapp.subcategory", "fields": {"category": [22, 26], "totalunits": 0, "displayname": "Cubex", "name": "cubex", "maincategory": 22}},
{"pk": 144, "model": "deviceapp.subcategory", "fields": {"category": [4, 34], "totalunits": 0, "displayname": "Casework Tables and Cabinets", "name": "caseworktablesandcabinets", "maincategory": 4}},
{"pk": 145, "model": "deviceapp.subcategory", "fields": {"category": [37], "totalunits": 0, "displayname": "Film Processors", "name": "filmprocessors", "maincategory": 37}},
{"pk": 146, "model": "deviceapp.subcategory", "fields": {"category": [20], "totalunits": 0, "displayname": "Pulse Oximetry", "name": "pulseoximetry", "maincategory": 20}},
{"pk": 147, "model": "deviceapp.subcategory", "fields": {"category": [37], "totalunits": 0, "displayname": "Film Storage Bin", "name": "filmstoragebin", "maincategory": 37}},
{"pk": 148, "model": "deviceapp.subcategory", "fields": {"category": [15], "totalunits": 0, "displayname": "Other grooming equipment and supplies", "name": "othergroomingequipmentandsupplies", "maincategory": 15}},
{"pk": 149, "model": "deviceapp.subcategory", "fields": {"category": [6, 10], "totalunits": 0, "displayname": "Defribrilators", "name": "defribrilators", "maincategory": 6}},
{"pk": 150, "model": "deviceapp.subcategory", "fields": {"category": [14], "totalunits": 0, "displayname": "IV Stands", "name": "ivstands", "maincategory": 14}},
{"pk": 151, "model": "deviceapp.subcategory", "fields": {"category": [36], "totalunits": 0, "displayname": "Ultrasound accessories", "name": "ultrasoundaccessories", "maincategory": 36}},
{"pk": 152, "model": "deviceapp.subcategory", "fields": {"category": [6], "totalunits": 0, "displayname": "ICU", "name": "icu", "maincategory": 6}},
{"pk": 153, "model": "deviceapp.subcategory", "fields": {"category": [37], "totalunits": 0, "displayname": "Other x-ray equipment", "name": "otherxrayequipment", "maincategory": 37}},
{"pk": 154, "model": "deviceapp.subcategory", "fields": {"category": [7, 18], "totalunits": 0, "displayname": "Dental and Exam Lights", "name": "dentalandexamlights", "maincategory": 7}},
{"pk": 155, "model": "deviceapp.subcategory", "fields": {"category": [19], "totalunits": 0, "displayname": "Miscellaneous supplies", "name": "miscellaneoussupplies", "maincategory": 19}},
{"pk": 156, "model": "deviceapp.subcategory", "fields": {"category": [8], "totalunits": 0, "displayname": "Head Lamps", "name": "headlamps", "maincategory": 8}},
{"pk": 157, "model": "deviceapp.subcategory", "fields": {"category": [4], "totalunits": 0, "displayname": "Other boarding and holding supplies", "name": "otherboardingandholdingsupplies", "maincategory": 4}},
{"pk": 158, "model": "deviceapp.subcategory", "fields": {"category": [6], "totalunits": 0, "displayname": "Nebulizers", "name": "nebulizers", "maincategory": 6}},
{"pk": 159, "model": "deviceapp.subcategory", "fields": {"category": [19], "totalunits": 0, "displayname": "Miscellaneous equipment", "name": "miscellaneousequipment", "maincategory": 19}},
{"pk": 160, "model": "deviceapp.subcategory", "fields": {"category": [9], "totalunits": 0, "displayname": "Smoke Evacuation", "name": "smokeevacuation", "maincategory": 9}},
{"pk": 161, "model": "deviceapp.subcategory", "fields": {"category": [13], "totalunits": 0, "displayname": "Anvils", "name": "anvils", "maincategory": 13}},
{"pk": 162, "model": "deviceapp.subcategory", "fields": {"category": [20], "totalunits": 0, "displayname": "Non-Invasive Blood Pressure", "name": "noninvasivebloodpressure", "maincategory": 20}},
{"pk": 163, "model": "deviceapp.subcategory", "fields": {"category": [20, 21], "totalunits": 0, "displayname": "MRI Compatible Monitors", "name": "mricompatiblemonitors", "maincategory": 20}},
{
    "pk": 1, 
    "model": "auth.user", 
    "fields": {
        "username": "admin@aim.com", 
        "first_name": "", 
        "last_name": "", 
        "is_active": true, 
        "is_superuser": true, 
        "is_staff": true, 
        "last_login": "2013-10-28T04:37:02.515Z", 
        "groups": [], 
        "user_permissions": [], 
        "password": "pbkdf2_sha256$10000$xSO9oRFz88LQ$XGNybzF63vtLfbJllBzLt6hfO0tTY2W3BXaln8ncgBM=", 
        "email": "admin@aim.com", 
        "date_joined": "2013-10-28T04:36:12.295Z"
    }
},
{
    "pk": 2, 
    "model": "auth.user", 
    "fields": {
        "username": "brooke2@aim.com", 
        "first_name": "", 
        "last_name": "", 
        "is_active": true, 
        "is_superuser": false, 
        "is_staff": false, 
        "last_login": "2013-10-28T04:37:27.969Z", 
        "groups": [], 
        "user_permissions": [], 
        "password": "pbkdf2_sha256$10000$baG2jbKu2fmr$GQMak8dwaoerfKjoVBxom27VVhAlm5IAOlcE5wW1fQw=", 
        "email": "brooke2@aim.com", 
        "date_joined": "2013-10-28T04:37:27.969Z"
    }
},	
{
    "pk": 3, 
    "model": "auth.user", 
    "fields": {
        "username": "mkates@mit.edu", 
        "first_name": "", 
        "last_name": "", 
        "is_active": true, 
        "is_superuser": false, 
        "is_staff": false, 
        "last_login": "2013-10-28T04:37:27.969Z", 
        "groups": [], 
        "user_permissions": [], 
        "password": "pbkdf2_sha256$10000$baG2jbKu2fmr$GQMak8dwaoerfKjoVBxom27VVhAlm5IAOlcE5wW1fQw=", 
        "email": "brooke@aim.com", 
        "date_joined": "2013-10-28T04:37:27.969Z"
    }
},
{
    "pk": 1, 
    "model": "deviceapp.basicuser", 
    "fields": {
        "website": null, 
        "businesstype": null, 
        "name": "Brooke Johnson", 
        "default_payment_cc": null, 
        "payment_method": "bank", 
        "company": null, 
        "payout_method": "bank", 
        "default_payment_ba": 1, 
        "zipcode": 12345, 
        "phonenumber": null, 
        "user": 1, 
        "user_rank": "newb", 
        "default_payout_ba": 1, 
        "check_address": null, 
        "email": "admin@aim.com", 
        "balanceduri": "/v1/customers/CU7Io4OjPOocXx9HZWeFpnkP"
    }
},
{
    "pk": 2, 
    "model": "deviceapp.basicuser", 
    "fields": {
        "website": null, 
        "businesstype": null, 
        "name": "Mike Rogers", 
        "default_payment_cc": null, 
        "payment_method": "none", 
        "company": null, 
        "payout_method": "none", 
        "default_payment_ba": null, 
        "zipcode": 12345, 
        "phonenumber": null, 
        "user": 2, 
        "user_rank": "newb", 
        "default_payout_ba": null, 
        "check_address": null, 
        "email": "mkates@mit.edu", 
        "balanceduri": null
    }
},
{
    "pk": 3, 
    "model": "deviceapp.basicuser", 
    "fields": {
        "website": null, 
        "businesstype": null, 
        "name": "Bob Rogers", 
        "default_payment_cc": null, 
        "payment_method": "bank", 
        "company": null, 
        "payout_method": "bank", 
        "default_payment_ba": 2, 
        "zipcode": 12345, 
        "phonenumber": null, 
        "user": 3, 
        "user_rank": "newb", 
        "default_payout_ba": 2, 
        "check_address": null, 
        "email": "mkates@mit.edu", 
        "balanceduri": "/v1/customers/CUVyoLt3CuQBcUMMsiOdR6g"
    }
},
{
    "pk": 1, 
    "model": "deviceapp.item", 
    "fields": {
        "liststatus": "active", 
        "subcategory": 1, 
        "offlineviewing": false, 
        "savedcount": 2, 
        "promo_code": null, 
        "sold_online": false, 
        "shippingincluded": true, 
        "tos": false, 
        "mainimage": null, 
        "conditiontype": "preowned", 
        "productdescription": "The New Fazone CB Ultrasound with Zone Sonography Technology. Anytime, anywhere 'CB' usability is stress free and easy, regardless of place or occasion. This elegant, ultra high quality ultrasound easily moves from the exam room to your vehicle bringing all aspects of FujiFilms' attention to detail along with it. Features include a full screen, 12-inch LCD monitor, instant one touch image optimization, intuitive operation with keys grouped by functionality, fast boot-up time, easy on and off cart capability, and stylish compact design", 
        "views": 0, 
        "whatsincluded": "", 
        "serialno": "542523519864", 
        "price": 4430, 
        "listeddate": "2013-11-01", 
        "msrp_price": 22320, 
        "user": 1, 
        "liststage": 5, 
        "manufacturer": "Fuji", 
        "conditionquality": 2, 
        "originalowner": true, 
        "name": "XT450 Power UltraSound Machine 1", 
        "conditiondescription": "This product was mainly used in mobile veterinary trucks and carried from farm to farm. There are a couple scratches on the machine but otherwise it is in great working order", 
        "commission_paid": false, 
        "contract": "none", 
        "modelyear": 2001, 
        "quantity": 1, 
        "contractdescription": ""
    }
},
{
    "pk": 2, 
    "model": "deviceapp.item", 
    "fields": {
        "liststatus": "active", 
        "subcategory": 2, 
        "offlineviewing": true, 
        "savedcount": 2, 
        "promo_code": null, 
        "sold_online": false, 
        "shippingincluded": true, 
        "tos": false, 
        "mainimage": null, 
        "conditiontype": "new", 
        "productdescription": "The New Fazone CB Ultrasound with Zone Sonography Technology. Anytime, anywhere 'CB' usability is stress free and easy, regardless of place or occasion. This elegant, ultra high quality ultrasound easily moves from the exam room to your vehicle bringing all aspects of FujiFilms' attention to detail along with it. Features include a full screen, 12-inch LCD monitor, instant one touch image optimization, intuitive operation with keys grouped by functionality, fast boot-up time, easy on and off cart capability, and stylish compact design", 
        "views": 0, 
        "whatsincluded": "", 
        "serialno": "542523519864", 
        "price": 6230, 
        "listeddate": "2013-11-01", 
        "msrp_price": 12320, 
        "user": 3, 
        "liststage": 5, 
        "manufacturer": "Fuji", 
        "conditionquality": 2, 
        "originalowner": true, 
        "name": "XT450 Power UltraSound Machine 2", 
        "conditiondescription": "This product was mainly used in mobile veterinary trucks and carried from farm to farm. There are a couple scratches on the machine but otherwise it is in great working order", 
        "commission_paid": false, 
        "contract": "none", 
        "modelyear": 2001, 
        "quantity": 5, 
        "contractdescription": ""
    }
},
{
    "pk": 3, 
    "model": "deviceapp.item", 
    "fields": {
        "liststatus": "active", 
        "subcategory": 3, 
        "offlineviewing": false, 
        "savedcount": 2, 
        "promo_code": null, 
        "sold_online": false, 
        "shippingincluded": true, 
        "tos": false, 
        "mainimage": null, 
        "conditiontype": "new", 
        "productdescription": "The New Fazone CB Ultrasound with Zone Sonography Technology. Anytime, anywhere 'CB' usability is stress free and easy, regardless of place or occasion. This elegant, ultra high quality ultrasound easily moves from the exam room to your vehicle bringing all aspects of FujiFilms' attention to detail along with it. Features include a full screen, 12-inch LCD monitor, instant one touch image optimization, intuitive operation with keys grouped by functionality, fast boot-up time, easy on and off cart capability, and stylish compact design", 
        "views": 0, 
        "whatsincluded": "", 
        "serialno": "542523519864", 
        "price": 520124, 
        "listeddate": "2013-11-01", 
        "msrp_price": 642012, 
        "user": 3, 
        "liststage": 5, 
        "manufacturer": "Fuji", 
        "conditionquality": 2, 
        "originalowner": true, 
        "name": "XT450 Power UltraSound Machine 3", 
        "conditiondescription": "This product was mainly used in mobile veterinary trucks and carried from farm to farm. There are a couple scratches on the machine but otherwise it is in great working order", 
        "commission_paid": false, 
        "contract": "none", 
        "modelyear": 2001, 
        "quantity": 3, 
        "contractdescription": ""
    }
},
{
    "pk": 1, 
    "model": "deviceapp.sellermessage", 
    "fields": {
        "name": "Jack Smirnoff", 
        "phone": null, 
        "date_sent": null, 
        "item": 2, 
        "reason": null, 
        "buyer": 1, 
        "message": "", 
        "email": null
    }
},
{
    "pk": 2, 
    "model": "deviceapp.sellermessage", 
    "fields": {
        "name": "Brooke Johnson", 
        "phone": "", 
        "date_sent": "2014-01-30T21:28:01.606Z", 
        "item": 2, 
        "reason": "view", 
        "buyer": 1, 
        "message": "want it", 
        "email": "brooke@aim.com"
    }
},
{
    "pk": 1, 
    "model": "deviceapp.useraddress", 
    "fields": {
        "city": "Menlo Park", 
        "name": "Brooke", 
        "zipcode": 1232, 
        "address_two": null, 
        "state": "NJ", 
        "phonenumber": "7313223343", 
        "user": 1, 
        "address_one": "1 Paper Court"
    }
},
{
    "pk": 2, 
    "model": "deviceapp.useraddress", 
    "fields": {
        "city": "cotls enck", 
        "name": "mitch", 
        "zipcode": 7722, 
        "address_two": "", 
        "state": "NJ", 
        "phonenumber": "7321929191", 
        "user": 2, 
        "address_one": "1 paper corut"
    }
},
{
    "pk": 1, 
    "model": "deviceapp.balancedcard", 
    "fields": {
        "expiration_year": 2020, 
        "brand": "Visa", 
        "uri": "/v1/marketplaces/TEST-MP49EIrAntwbE1iYZDuZWtjo/cards/CC2GFNrqxK9y27l6hd9VZCIu", 
        "datecreated": "2014-01-30T21:27:41.694Z", 
        "expiration_month": 12, 
        "user": 1, 
        "last_four": 1111, 
        "cardhash": "b3ecb5551877e4c9ee9937f74cffbcfacc388e575cb4c061c30f8a32d340001b"
    }
},
{
    "pk": 2, 
    "model": "deviceapp.balancedcard", 
    "fields": {
        "expiration_year": 2014, 
        "brand": "Visa", 
        "uri": "/v1/marketplaces/TEST-MP49EIrAntwbE1iYZDuZWtjo/cards/CC3tevYh50ZnoeILrWeXiWmQ", 
        "datecreated": "2014-01-30T21:28:24.160Z", 
        "expiration_month": 1, 
        "user": 2, 
        "last_four": 1111, 
        "cardhash": "3d2d03be3b0707383e89a4e2d92488b318fb754d8f3d5cda955d8a80b2a0cbf4"
    }
},
{
    "pk": 1, 
    "model": "deviceapp.balancedbankaccount", 
    "fields": {
        "bank_name": "SAN MATEO CREDIT UNION", 
        "name": "John Hancock", 
        "bank_code": "321174851", 
        "uri": "/v1/marketplaces/TEST-MP49EIrAntwbE1iYZDuZWtjo/bank_accounts/BA7HmWhoHioggHsy4prr83a8", 
        "datecreated": "2014-01-30T21:39:25.422Z", 
        "user": 1, 
        "fingerprint": "3e91c0608d24e7fdf9f897214924d6250f6809b7df5e0cffd6f9d26a071a522f", 
        "account_number": "xxxxxx0000"
    }
},
{
    "pk": 2, 
    "model": "deviceapp.balancedbankaccount", 
    "fields": {
        "bank_name": "SAN MATEO CREDIT UNION", 
        "name": "John Hancock", 
        "bank_code": "321174851", 
        "uri": "/v1/marketplaces/TEST-MP49EIrAntwbE1iYZDuZWtjo/bank_accounts/BAUgds3rFsJk9PLK8fkmZ50", 
        "datecreated": "2014-01-30T21:40:20.735Z", 
        "user": 3, 
        "fingerprint": "3e91c0608d24e7fdf9f897214924d6250f6809b7df5e0cffd6f9d26a071a522f", 
        "account_number": "xxxxxx0000"
    }
},
{
    "pk": 1, 
    "model": "deviceapp.checkout", 
    "fields": {
        "cc_payment": 1, 
        "payment_method": "card", 
        "start_time": "2014-01-30T21:27:33.651Z", 
        "ba_payment": null, 
        "state": 2, 
        "purchased": true, 
        "shipping_address": 1, 
        "buyer": 1, 
        "purchased_time": null
    }
},
{
    "pk": 2, 
    "model": "deviceapp.checkout", 
    "fields": {
        "cc_payment": 1, 
        "payment_method": "card", 
        "start_time": "2014-01-30T21:28:47.619Z", 
        "ba_payment": null, 
        "state": 2, 
        "purchased": true, 
        "shipping_address": 1, 
        "buyer": 1, 
        "purchased_time": null
    }
},
{
    "pk": 1, 
    "model": "deviceapp.shoppingcart", 
    "fields": {
        "user": 1, 
        "datecreated": null
    }
},
{
    "pk": 2, 
    "model": "deviceapp.shoppingcart", 
    "fields": {
        "user": 2, 
        "datecreated": null
    }
},
{
    "pk": 3, 
    "model": "deviceapp.shoppingcart", 
    "fields": {
        "user": 3, 
        "datecreated": null
    }
},
{
    "pk": 4, 
    "model": "deviceapp.shoppingcart", 
    "fields": {
        "user": null, 
        "datecreated": "2014-01-30T21:27:25.919Z"
    }
},
{
    "pk": 1, 
    "model": "deviceapp.cartitem", 
    "fields": {
        "dateadded": "2014-01-30T21:27:25.925Z", 
        "price": 520124, 
        "item": 3, 
        "shoppingcart": null, 
        "checkout": 1, 
        "quantity": 2
    }
},
{
    "pk": 2, 
    "model": "deviceapp.cartitem", 
    "fields": {
        "dateadded": "2014-01-30T21:28:38.658Z", 
        "price": 6230, 
        "item": 2, 
        "shoppingcart": null, 
        "checkout": 2, 
        "quantity": 3
    }
},
{
    "pk": 1, 
    "model": "deviceapp.commission", 
    "fields": {
        "cc_payment": 2, 
        "payment_method": "card", 
        "price": 6230, 
        "ba_payment": null, 
        "item": 2, 
        "amount": 809, 
        "date": "2014-01-30T21:28:26.038Z"
    }
},
{
    "pk": 1, 
    "model": "deviceapp.purchaseditem", 
    "fields": {
        "online_payment": null, 
        "paid_out": false, 
        "cartitem": 1, 
        "item_name": "XT450 Power UltraSound Machine 3", 
        "payout_method": "check", 
        "unit_price": 520124, 
        "seller": 2, 
        "buyer_message": "", 
        "item_sent": true, 
        "paid_date": null, 
        "purchase_date": "2014-01-30T21:27:46.366Z", 
        "seller_message": "shipped to brooke", 
        "buyer": 1, 
        "total": 1040248, 
        "checkout": 1, 
        "check": null, 
        "quantity": 2
    }
},
{
    "pk": 2, 
    "model": "deviceapp.purchaseditem", 
    "fields": {
        "online_payment": null, 
        "paid_out": false, 
        "cartitem": 2, 
        "item_name": "XT450 Power UltraSound Machine 2", 
        "payout_method": "check", 
        "unit_price": 6230, 
        "seller": 2, 
        "buyer_message": "", 
        "item_sent": true, 
        "paid_date": null, 
        "purchase_date": "2014-01-30T21:28:56.289Z", 
        "seller_message": "shipped", 
        "buyer": 2, 
        "total": 18690, 
        "checkout": 2, 
        "check": null, 
        "quantity": 3
    }
},
{
    "pk": 1, 
    "model": "deviceapp.buyauthorization", 
    "fields": {
        "buyer": 1, 
        "item": 2, 
        "date": "2014-01-30T21:28:28.561Z", 
        "seller": 2
    }
},
{
    "pk": 1, 
    "model": "deviceapp.promocode", 
    "fields": {
        "code": "beta14", 
        "promo_type": "factor", 
        "discount": null, 
        "details": "50% off", 
        "factor": 50, 
        "active": true, 
        "promo_text": "Sweet! You are saving 50% on your commission"
    }
},
{
    "pk": 2, 
    "model": "deviceapp.promocode", 
    "fields": {
        "code": "vegeta", 
        "promo_type": "discount", 
        "discount": 500, 
        "details": "$5 off", 
        "factor": null, 
        "active": true, 
        "promo_text": "$5 off commission on this item"
    }
}
]
